AbdA,AbdB,Achi,Al,Antp,Ap,Ara,Awh,Bap,Bcd,BH1,BH2,Bsh,Btn,C15,Cad,Caup,Ct,Dfd,Dll,Dr,E5,Ems,En,Eve,Exd,Exex,Ftz,Gsc,H2.0,Hbn,Hgtx,Hmx,Hth,Ind,Inv,Lab,Lag1,Lbe,Lbl,Lim1,Lim3,Mirr,NK7.1,Oc,Oct,Odsh,onecut,Optix,Otp,Pb,PhdP,Pph13,Ptx1,Repo,Ro,Rx,Scr,Six4(-),Slou,So,Tin,Tup,Ubx,Unc4,Unpg,Vis,Vnd,Zen,Zen2,CG11085,CG11294,CG11617,CG12361,CG13424,CG15696,CG18599,CG32105,CG32532,CG33980,CG34031,CG4136,CG4328,CG7056,CG9876
,,,,,,,,,,,,,,,,,UV5 - 5mM,,,,,,,,,,,,UV5,,,,,,,,UV5 - 5mM,,,,,,,,,,UV5 - 5mM,,,,,,,,,,,UV5,,,,5mM,,,,,,,,,,,,,,,,,,,UV5,UV5,,
RRRGRQTYTRFQTLELEKEFHFNHYLTRRRRIEIAHALCLTERQIKIWFQNRRMKLKKELRAVKEINEQAR,VRKKRKPYSKFQTLELEKEFLFNAYVSKQKRWELARNLQLTERQVKIWFQNRRMKNKKNSQRQANQQNNNN,LRKRRGNLPKTSVKILKRWLYEHRYNAYPSDAEKFTLSQEANLTVLQVCNWFINARRRILPEMIRREGNDPLHFT,QRRYRTTFTSFQLEELEKAFSRTHYPDVFTREELAMKIGLTEARIQVWFQNRRAKWRKQEKVGPQSHPYN,RKRGRQTYTRYQTLELEKEFHFNRYLTRRRRIEIAHALCLTERQIKIWFQNRRMKWKKENKTKGEPGSGGEGD,TKRMRTSFKHHQLRTMKSYFAINHNPDAKDLKQLSQKTGLPKRVLQVWFQNARAKWRRMMMKQDGSGLLEKGE,LAARRKNATRESTATLKAWLNEHKKNPYPTKGEKIMLAIITKMTLTQVSTWFANARRRLKKENKMTWEPKNRTDDD,KTKRVRTTFTEEQLQVLQANFQIDSNPDGQDLERIASVTGLSKRVTQVWFQNSRARQKKHIHAGKNKIREPEGS,KKRSRAAFSHAQVFELERRFAQQRYLSGPERSEMAKSLRLTETQVKIWFQNRRYKTKRKQIQQHEAALLGASK,PRRTRTTFTSSQIAELEQHFLQGRYLTAPRLADLSAKLALGTAQVKIWFKNRRRRHKIQSDQHKDQSYEG,QRKARTAFTDHQLQTLEKSFERQKYLSVQERQELAHKLDLSDCQVKTWYQNRRTKWKRQTAVGLELLAEAGN,KQRKARTAFTDHQLQTLEKSFERQKYLSVQDRMELANKLELSDCQVKTWYQNRRTKWKRQTAVGLELLAEAGN,RRRKARTVFSDPQLSGLEKRFEGQRYLSTPERVELATALGLSETQVKTWFQNRRMKHKKQLRRRDNANEP,NRKERTAFSKTQLKQLEAEFCYSNYLTRLRRYEIAVALELTERQVKVWFQNRRMKCKRIKLEEQQGSSAKT,KRKKPRTSFTRIQVAELEKRFHKQKYLASAERAALARGLKMTDAQVKTWFQNRRTKWRRQTAEEREAERQ,KDKYRVVYTDFQRLELEKEYCTSRYITIRRKSELAQTLSLSERQVKIWFQNRRAKERKQNKKGSDPNVMGVG,LAARRKNATRESTATLKAWLSEHKKNPYPTKGEKIMLAIITKMTLTQVSTWFANARRRLKKENKMTWEPKNKTEDD,SKKQRVLFSEEQKEALRLAFALDPYPNVGTIEFLANELGLATRTITNWFHNHRMRLKQQVPHGPAGQDNPIPS,PKRQRTAYTRHQILELEKEFHYNRYLTRRRRIEIAHTLVLSERQIKIWFQNRRMKWKKDNKLPNTKNVRKKT,KMRKPRTIYSSLQLQQLNRRFQRTQYLALPERAELAASLGLTQTQVKIWFQNRRSKYKKMMKAAQGPGTNSG,NRKPRTPFTTQQLLSLEKKFREKQYLSIAERAEFSSSLRLTETQVKIWFQNRRAKAKRLQEAEIEKIKMAALG,PKRVRTAFSPTQLLKLEHAFEGNHYVVGAERKQLAQGLSLTETQVKVWFQNRRTKHKRMQQEGGDGSDTKSNK,PKRIRTAFSPSQLLKLEHAFESNQYVVGAERKALAQNLNLSETQVKVWFQNRRTKHKRMQQEDEKGGEGGSQR,EKRPRTAFSSEQLARLKREFNENRYLTERRRQQLSSELGLNEAQIKIWFQNKRAKIKKSTGSKNPLALQLMAQ,VRRYRTAFTRDQLGRLEKEFYKENYVSRPRRCELAAQLNLPESTIKVWFQNRRMKDKRQRIAVAWPYAAVYSD,ARRKRRNFSKQASEILNEYFYSHLSNPYPSEEAKEELARKCGITVSQVSNWFGNKRIRYKKNIGKAQEEANLYAAKKAAGAS,TRRPRTAFTSQQLLELEKQFKQNKYLSRPKRFEVASGLMLSETQVKIWFQNRRMKWKRSKKAQQEAKERAKAN,SKRTRQTYTRYQTLELEKEFHFNRYITRRRRIDIANALSLSERQIKIWFQNRRMKSKKDRTLDSSPEHCGAG,KRRHRTIFTEEQLEQLEATFDKTHYPDVVLREQLALKVDLKEERVEVWFKNRRAKWRKQKREEQERLRKLQEE,RSWSRAVFSNLQRKGLEIQFQQQKYITKPDRRKLAARLNLTDAQVKVWFQNRRMKWRHTRENLKSGQEKQPSA,KVRRSRTTFTTFQLHQLERAFEKTQYPDVFTREDLAMRLDLSEARVQVWFQNRRAKWRKREKFMNQDKAG,KKHTRPTFSGQQIFALEKTFEQTKYLAGPERAKLAYALGMSESQVKVWFQNRRTKWRKRHAAEMATAKRKQDD,KKKTRTVFSRAQVFQLESTFDLKRYLSSSERAGLAASLRLTETQVKIWFQNRRNKWKRQLAAELEAANMANMA,NQKKRGIFPKVATNILRAWLFQHLTHPYPSEDQKKQLAQDTGLTILQVNNWFINARRRIVQPMIDQ,SKRIRTAFTSTQLLELEREFSHNAYLSRLRRIEIANRLRLSEKQVKIWFQNRRVKQKKGGSESPTFNLSTNSN,EDKRPRTAFSGTQLARLKHEFNENRYLTEKRRQQLSGELGLNEAQIKIWFQNKRAKLKKSSGTKNPLALQLMAQ,NNSGRTNFTNKQLTELEKEFHFNRYLTRARRIEIANTLQLNETQVKIWFQNRRMKQKKRVKEGLIPADILTQH,IRSSRPKKAANVPILEKTYAKSTRLDKKKLVPLSKQTDMSEREIERWWRLRRAQDKPSTLVKFCENTWRC,KRKSRTAFTNHQIFELEKRFLYQKYLSPADRDEIAASLGLSNAQVITWFQNRRAKQKRDIEELKKDFDSVK,KRKSRTAFTNQQIFELEKRFLYQKYLSPADRDEIAGGLGLSNAQVITWFQNRRAKLKRDMEELKKDVQCEKMS,RRGPRTTIKAKQLEVLKTAFNQTPKPTRHIREQLAKETGLPMRVIQVWFQNKRSKERRMKQITSMGRPPFFGG,PNKRPRTTITAKQLETLKTAYNNSPKPARHVREQLSQDTGLDMRVVQVWFQNRRAKEKRLKKDAGRTRWSQY,NGARRKNATRETTSTLKAWLNEHKKNPYPTKGEKIMLAIITKMTLTQVSTWFANARRRLKKENKMTWEPRNRVDDD,RKKKARTTFTGRQIFELEKMFENKKYLSASERTEMAKLLMVTETQVKIWFQNRRTKWKKQDNVTNNEAAEHK,QRRERTTFTRAQLDVLEALFGKTRYPDIFMREEVALKINLPESRVQVWFKNRRAKCRQQLQQQQQSNSLSSSK,RRKKRTSIETNIRVALEKSFLENQKPTSEEITMIADQLNMEKEVIRVWFCNRRQKEKRINPPS,KKRRGRTNFNSWQLRELERVFQGSHYPDIFMREALATKLDLMEGRIAVWFQNRRAKWRKQEHTKKGPGRPAHNA,PKKPRLVFTDLQRRTLQAIFKETKRPSKEMQVTIARQLGLEPTTVGNFFMNARRRSMDKWRDDDSKSTMHVAH,GEQKTHCFKERTRSLLREWYLQDPYPNPTKKRELAKATGLNPTQVGNWFKNRRQRDRAAAAKNRIQHSQNSSG,QKRHRTRFTPAQLNELERCFSKTHYPDIFMREEIAMRIGLTESRVQVWFQNRRAKWKKRKKTTNVFRTPGA,PRRLRTAYTNTQLLELEKEFHFNKYLCRPRRIEIAASLDLTERQVKVWFQNRRMKHKRQTLSKTDDEDNKDS,KQRRIRTTFTSNQLNELEKIFLETHYPDIYTREEIASKLHLTEARVQVWFQNRRAKFRKQERHAIYIMKDKS,KQRRYRTTFNTLQLQELERAFQRTHYPDVFFREELAVRIDLTEARVQVWFQNRRAKWRKQEKIGGLGGDYKEGA,QRRQRTHFTSQQLQELEHTFSRNRYPDMSTREEIAMWTNLTEARVRVWFKNRRAKWRKRERNAMNAAVAAAD,KKKTRTTFTAYQLEELERAFERAPYPDVFAREELAIKLNLSESRVQVWFQNRRAKWRKHEPPRKTGYIKTST,QRRQRTTFSTEQTLRLEVEFHRNEYISRSRRFELAETLRLTETQIKIWFQNRRAKDKRIEKAQIDQHYRN,HRRNRTTFTTYQLHELERAFEKSHYPDVYSREELAMKVNLPEVRVQVWFQNRRAKWRRQEKSESLRLGLTHFT,TKRQRTSYTRYQTLELEKEFHFNRYLTRRRRIEIAHALCLTERQIKIWFQNRRMKWKKEHKMASMNIVPYHMG,DGEETVYCFKEKSRNALKDCYLTNRYPTPDEKKTLAKKTGLTLTQVSNWFKNRRQRDRTPQQR,PRRARTAFTYEQLVSLENKFKTTRYLSVCERLNLALSLSLTETQVKIWFQNRRTKWKKQNPGMDVNSPT,DGEETSYCFKEKSRSVLRDWYSHNPYPSPREKRDLAEATGLTTTQVSNWFKNRRQRDRAAEHKDGSTDKQHL,KRKPRVLFSQAQVLELECRFRLKKYLTGAEREIIAQKLNLSATQVKIWFQNRRYKSKRGDIDCEGIAKHLKLK,PTRVRTVLNEKQLHTLRTCYNANPRPDALMKEQLVEMTSLSPRVIRVWFQNKRCKDKKKTIQMKLQMQQEKEG,RRRGRQTYTRYQTLELEKEFHTNHYLTRRRRIEMAHALCLTERQIKIWFQNRRMKLKKEIQAIKELNEQEKQA,KRRRSRTNFNSWQLEELERAFSASHYPDIFMREALAMRLDLKESRVAVWFQNRRAKVRKREHTKKGPGRPAH,KSRRRRTAFTSEQLLELEREFHAKKYLSLTERSQIATSLKLSEVQVKIWFQNRRAKWKRVKAGLTSHGLGRNGT,LRKRRGNLPKSSVKILKRWLYEHRYNAYPSDAEKFTLSQEANLTVLQVCNWFINARRRILPEMIRREGNDPLHFT,KRKRRVLFTKAQTYELERRFRQQRYLSAPEREHLASLIRLTPTQVKIWFQNHRYKTKRAQNEKGYEGHPGLLH,LKRSRTAFTSVQLVELENEFKSNMYLYRTRRIEIAQRLSLCERQVKIWFQNRRMKFKKDIQGHREPKSNAKLA,SKRSRTAFSSLQLIELEREFHLNKYLARTRRIEISQRLALTERQVKIWFQNRRMKLKKSTNRKGAIGALTTS,KPRRRRTAFTHAQLAYLERKFRCQKYLSVADRSDVAETLNLSETQVKTWYQNRRTKWKRQNQLRLEQLRHQA,QRRNRTTFTPQQLQELEALFQKTHYPDVFLREEVALRISLSEARVQVWFQNRRAKWRKQARLQLLQDAWRMRC,SRATKRLFTPDIKRMLKDWLIRRRENPYPSREEKKQLAAETGLTYTQICNWFANWRRKLKNSEREKAKKSWGHLIK,RGMMRRAVFSDSQRKGLEKRFQQQKYISKPDRKKLAERLGLKDSQVKIWFQNRRMKWRNSKERELLASGGSRD,RKKRPRTAFSAAQIKALETEFERGKYLSVAKRTALAKQLQLTETQIKIWFQNRRTKWKRKYTSDVETLASHYYA,GRLPRIPFTPQQLQALENAYKESNYLSAEDANKLADSLELTNTRVKIWFQNRRARERREKREKDESCDSTFSS,NKRVRTIFTPEQLECLEAEFERQQYMVGPERLYLAHTLKLTEAQVKVWFQNRRIKWRKHHLELTQQRLALIRQ,PKRPRTILTSQQRKQFKASFDQSPKPCRKVREALAKDTGLSVRVVQVWFQNQRAKMKKIQRKAKQNGGSGGGS,RRRHRTTFTQEQLAELEAAFAKSHYPDIYCREELARTTKLNEARIQVWFQNRRAKYRKQEKQLQKALAPS,RRHSRTIFTSYQLEKLEEAFKEAHYPDVYAREMLSLKTELPEDRIQVWFQNRRAKWRKTEKVWGGSTIMAEYG,DRKPRQAYSASQLERLENEFNLDKYLSVSKRVELSKSLSLTEVQVKTWFQNRRTKWKKQLTSRLKIAHRHG,KRRHGRTIFTSSQLEELEKAFKEAHYPDVSARELLSMKTGLAEDRIQVWYQNRRAKWRKTEKCWGHSTKMAEYG,PKRPRTILNTQQRRAFKASFEVSPKPCRKVRENLAKDTGLSLRIVQVWFQNQRAKVKKIQKKAKQEPPSKGAS,RKGGQIRFTSQQTKNLEARFASSKYLSPEERRHLALQLKLTDRQVKTWFQNRRAKWRRANLSKRSASAQGPI,PRRNRTTFSSAQLTALEKVFERTHYPDAFVREELATKVHLSEARVQVWFQNRRAKFRRNERSVGSRTLLDTA
,,,,,,,,,,,,,,,,,,,,,,,,,,,,,,,,,,,,,,,,,,,,,,,,,,,,,,,,,,,,,,,,,,,,,,,,,,,,,,,,,,,,
,,,,,,,,,,,,,,,,,,,,,,,,,,,,,,,,,,,,,,,,,,,,,,,,,,,,,,,,,,,,,,,,,,,,,,,,,,,,,,,,,,,,
>AbdAG02,>abdb2,>AchiG1,>AlE2,>AntpA02,>ApA2,>AraG1,>AwhC1,>BapA2,>bcd1,>B1HG1,>BH2E1,>BshE1,>BtnE1,>C15A1,>CadE1,>CaupA2,>5CtE1,>dfd1,>DllC1,>DrA2,>E5C1,>emsA1,>eng1,>Eve-G1,>ExdE1,>ExexE1,>FtzG1,>GscA1,>H20C1,>HbnA1,>HgtxC1,>HMXA2,>hthC2,>IndC1,>InvC1,>LabE1,>5Lag1G1,>IbeG2,>LblC1,>LimC1,>Lim3C1,>MirrE1,>NK7E1,>OcA1,>oct1,>OdshC1,>5onectG1,>11617C2,>OTPG1,>Pb1,>PhdPA1,>Pph13C1,>PtxG1,>RepoE2,>RoG1,>RxF2,>ScrE04,>5Six4E1,>SlouE1,>SoE1,>TinA2,>TupE1,>UbxC02,>Unc4C1,>UnpgC1,>VisG1b,>VndE2,>ZenC1,>Zen2A1,>CG11085G1,>CG11294A1,>LagG2,>CG12361A1,>CG13424E1,>CG15696G1,>CG18599C1,>CG32105G2,>CG32432G1,>CG33980A1,>CG34031E1,>5CG4136G1,>5CG4328E1,>CG7065A1,>CG9876A1
GGTAATTAAA,GGGTTTATAG,TGTCAAG,GCTAATTAAT,GCCTTAATTA,ATCATTAACC,GGGTATTACA,GTAATCAAAT,GCTTAAGTGG,TGTTAATCCG,GCAAACCCCT,GCCGTTTATC,ACCCATTAGG,TGCCATTAAA,AATTTAAAGA,CCACAAATTA,ATTATTAACA,CTTGCTAAAC,CTTCATTAAG,AGACAATTAA,ACCTCAATTA,TTCAATTAGG,TTAATTATA,CTAATTAGCG,TCCGACATAA,TGTTTGACAT,CTTAATTAGA,ATCATAATTG,CCGATTACGA,TTTTTATATA,TTAATTATT,CCCTATTAAT,ATGTTAATTG,CTTGTGACAG,GGATTAATTA,ATAATTAACC,TCATTAACGA,GGACCTGAAG,GATGATTATG,GATAATTATC,TAGATTACGT,CCCCTGATTA,ACTTGTAACA,CATATAATGA,CCACTAATC,GCGATAATGA,GTTGTAATTA,GAGCTGATTA,GAACCTACTT,TTCAATTATG,GGTCATTAGA,ATTAATTTGT,CTAATAATTA,CATCTAATCC,CCTTTAATTA,GGTAATTACC,GGTAATTAGC,CCTTAATGA,GTATCAAATC,AATGTCTCAT,GTATCACAGT,GGCTCAAGTA,ATCAATTACC,TAATTAATTA,TCTAATTAGA,GGTCATTAGT,TAAATGACAC,GTCTCAAGTG,GCCTTAATTA,GTACAAGAGG,TCCCATTAAG,CTTAATTATC,TTTTTTTACA,ATGTTTATGA,TCAATTAGGC,CCCTTAATTA,ATCAATTAAA,GCTAATTAAA,TGTAATTAGC,TTTAATTACA,AACAATTACA,AGCTAATTA,GCAATAAGCA,ATTTTGATAA,ACAATTAGCA
>AbdAG03,>abdb3,>AchiG2,>AlE5,>AntpA03,>ApA3,>AraG2,>AwhC2,>BapA3,>bcd2,>B1HG2,>BH2E2,>BshE2,>BtnE2,>C15A2,>CadE2,>CaupA3,>5CtE2,>dfd2,>DllC2,>DrA3,>E5C2,>emsA2,>eng2,>Eve-G2,>ExdE2,>ExexE2,>FtzG2,>GscA2,>H20C2,>HbnA4,>HgtxC2,>HMXA3,>hthC3,>IndC2,>InvC2,>LabE2,>5Lag1G4,>IbeG3,>LblC2,>LimC2,>Lim3C2,>MirrE2,>NK7E2,>OcA2,>oct2,>OdshC2,>5onectG2,>11617C3,>OTPG2,>Pb2,>PhdPA2,>Pph13C2,>PtxG2,>RepoE3,>RoG2,>RxF3,>ScrE05,>5Six4E2,>SlouE2,>SoE2,>TinA3,>TupE2,>UbxC03,>Unc4C2,>UnpgC2,>VisG2b,>VndE3,>ZenC3,>Zen2A2,>CG11085G2,>CG11294A3,>LagG3,>CG12361A2,>CG13424E2,>CG15696G2,>CG18599C2,>CG32105G3,>CG32432G2,>CG33980A2,>CG34031E2,>5CG4136G2,>5CG4328E2,>CG7065A4,>CG9876A2
TCGTTAATGA,GTTTTATTGT,AATGTGACA,TTTTAATTAA,AATTTAATTA,AGACTAATTG,TGTACTTACA,CCAATCAGCC,TCTTAAGTGG,ATGGATTAGA,TCGTTTCCCT,TGCAATTAAA,GTCGATTAAA,TCAGTAATGA,GCCAATTAAC,CTAATCAACA,GTCTTTTACA,TCGTCTGAAC,GGTCATTAAT,GTCCATTATCA,AAAGCAATTA,TTAATTAAAT,CCATTTATGT,TATTTAATTA,TTACTTAATT,CATGATGATT,ACCAATTAAG,CAGCCGCCC,CAAGTAATCC,CTCTTAATGA,AGTAATTACC,AGTAATTGAA,AAGATAATTG,ATATGTCAAA,CGCTAATGA,ACTAATTAAT,GCCTTAATTA,GTAGAAGAGG,CATCTAAGTA,GGTAATTATA,CAACAGTGGG,ATTTATTAAG,TTCAGTAACA,GAATTAAGTG,AGCTTAAGCC,GGTTTAATGA,GAAATTAAA,CGAAATCAAG,GCGCATGAGA,CAAATTAGAA,GGTAATTAAC,GGTTAATTAC,GTGATAATTG,TTTAATCCCT,AGGGTAATTA,AGCAATTAGC,CTACTAATTA,TACATAATGA,GTCTCAAAGC,AGCCATTAAG,AACGATGATA,GGTACTTGAC,CTAATTAGCG,AATTTTATTA,TCTGTAATTA,TACGTAATTA,GTACTTGACA,CTCTCAAGTA,GACTAATTA,ATTATAATGA,CCACTAATTA,TTTAATTAGC,CGATTTAACA,TTATAAATTA,GCTAATTAAA,CCTCATTAAA,TTGCTAATGA,GTTAATTAGT,CCAATTATCA,TCTAATTATG,GCAATTAAAG,GTAAATTAAC,GAATATATTA,CCTTTAATAA,ACTCATTACG
>AbdAG04,>abdb4,>AchiG3,>AlE6,>AntpA04,>ApA4,>AraG4,>AwhC3,>BapA4,>bcd3,>B1HG3,>BH2E4,>BshE3,>BtnE3,>C15A3,>CadE3,>CaupA4,>5CtE3,>dfd3,>DllC3,>DrA4,>E5C3,>emsA3,>eng3,>Eve-G3,>ExdE3,>ExexE3,>FtzG3,>GscA3,>H20C3,>HbnA5,>HgtxC3,>HMXA4,>hthC4,>IndC3,>InvC3,>LabE3,>5Lag1G5,>IbeG4,>LblC3,>LimC3,>Lim3C3,>MirrE3,>NK7E3,>OcA3,>oct3,>OdshC3,>5onectG3,>11617C4,>OTPG3,>Pb3,>PhdPA3,>Pph13C3,>PtxG4,>RepoE4,>RoG3,>RxF4,>ScrE06,>5Six4E3,>SlouE3,>SoE3,>TinA4,>TupE3,>UbxC04,>Unc4C3,>UnpgC3,>VisG3b,>VndE5,>ZenC4,>Zen2A3,>CG11085G3,>CG11294A6,>LagG5,>CG12361A3,>CG13424E3,>CG15696G3,>CG18599C3,>CG32105G4,>CG32432G3,>CG33980A3,>CG34031E3,>5CG4136G3,>5CG4328E3,>CG7065A5,>CG9876A3
TTTTTAATTA,TTTTTTATGG,AGCTGTCATG,TGCTAATTAA,AGCTTAATGA,AGGTTAATTA,GCAGTTTACA,GTTCATTAAA,TAACGCTGCA,CGTTAATCTC,TCACGCCGAG,GACTATTAAG,CGTCATTAAG,CACTTGATTA,CCCCATTAAC,GTAATAACTT,AGCAAAAACA,AAGGTTAAAC,TATCATTAAA,CGCTATTACA,TGGCCAATTA,CTAATTTACA,CATTTTATGA,CTCATTAGTG,TCGATTATTA,TCTTTGACAT,GGGTAATTAA,TCCCATTAAC,AAGATTAGTC,ACATTATTGA,TTCAATTACA,AGCTAATTA,ACGCTAATTG,ACGTCAAGG,TACCTAATGA,ATAATTAGCA,TGGCTAATTA,TCCCCCATCC,AGGTTAACCA,AGGATAATTG,AAGCAAGCCG,CGCTTAATCA,AGTAAATACA,GAATTAAGTG,CGATAATCCC,GTTTTAATAA,ATAATTAGCA,GCAATCAAGG,TGAAGTGATA,AGCAATTAAT,TGTAATTAAA,CCTATTAGC,TCTAATTTAA,AGAGGATTAG,AGCTAATTA,TTACTAATGA,CTACTAATTA,TTGGGTACAA,GTATCAAATG,CTCATTAAAA,AGTATCAATA,CCACTTGACG,ACACTAATGT,GCTTTAATTA,GCGAATTAAG,CGCTAATTAG,GCACCCCCAC,TATTGAAGTA,GGGCTAATTA,GCGATCGGTG,CCCAATTAAA,CCCCTATTT,AATTTTAACA,CAGCCTCATCA,TGTTTAATTA,ACCAATTGAC,ATGCTAATTA,GCAATTAGAC,TTAATTATCT,CTCGTCAAG,GCTAATTAAC,GTCTATTAAG,TTTCATAATGT,ACTCTAATTA,TGACTAATTA
>AbdAG05,>abdb5,>AchiG4,>AlE7,>AntpA05,>ApA5,>AraG5,>AwhC4,>BapA5,>bcd4,>B1HG4,>BH2E5,>BshE4,>BtnE4,>C15A4,>CadE4,>CaupA5,>5CtE4,>dfd4,>DllC4,>DrA5,>E5C4,>emsA4,>eng4,>Eve-G4,>ExdE4,>ExexE4,>FtzG4,>GscA4,>H20C4,>HbnA6,>HgtxC4,>HMXA5,>hthC5,>IndC4,>InvC5,>LabE4,>5Lag1G6,>IbeG5,>LblC4,>LimC4,>Lim3C4,>MirrE4,>NK7E4,>OcA4,>oct4,>OdshC4,>5onectG4,>11617C5,>OTPG4,>Pb4,>PhdPA4,>Pph13C4,>PtxG6,>RepoE5,>RoG4,>RxF5,>ScrE08,>5Six4E4,>SlouE4,>SoE4,>TinA5,>TupE4,>UbxC05,>Unc4C4,>UnpgC4,>VisG4b,>VndE7,>ZenC5,>Zen2A4,>CG11085G4,>CG11294A9,>LagG6,>CG12361A4,>CG13424E4,>CG15696G5,>CG18599C4,>CG32105G5,>CG32432G4,>CG33980A4,>CG34031E4,>5CG4136G4,>5CG4328E4,>CG7065A6,>CG9876A4
CTACCATTTT,TGATTAATGG,TTATCTGACA,GCATAATTAA,TTGTTAATGA,TAAATAATGA,CGTAATTACA,CTGATTACGC,ATCAGTCCTT,GGTTTAATCC,GCCTAAGAGA,GCCATTTAGT,ACCAATTACA,GTACATTAAT,GTCGTTTAAG,GAATTAATAG,TGGTTGTACA,TACGTTAATC,GGTCATTAAT,AGAAATTAAC,TAACTAATTA,CCATTAAGC,GCCATGGACC,AGGGTAATTA,CTTCTAATCA,CTTCATAC,AGAGTAATTA,CTCTTAATTA,TAGGATTATT,GGTTAATGAT,GTCAATTATG,GCCAATTATC,AGCCATTTAA,CCTGTCACAG,CACTTAATAG,CCACTAATTA,GATAATTAAT,CCACCAACTT,TCCTAATCAC,CCACTAATCA,AGCAGAATCG,ATAATTATTC,ACAGCAAACA,GGTATTTAAA,GGGGCTTAAA,CACATAATTT,TACTAATTAA,TTAATCAATA,CAACGTATT,GTTTAATCA,GGTCATTAAC,GCTCATTAGG,GCCATAATTA,CAGGATTAGT,CTGTTAATTA,TGTAATTAAA,CTAATTAACC,CTACTAATTA,GGTGTCAGAT,CGAGTAATGA,GGTCATCACT,ATCTCAAGTG,TTATTAATGG,GCTTTAATTA,GCTAATTATG,AAGATAATTG,GAGGTGACAT,TGGTCAAGTA,ATAATAATGA,ACCGTAATTA,CGCAATTAAA,GTCAATTAGC,GATTTTAACA,TAATTGATGA,GACAATTATA,TGTTTTATTA,TAATTAATTA,ACTAATTATT,GCAAATTAAA,GCTAATTAAC,ATTTTTATTG,TATAATTAGC,ATCGTTATTG,TGCTCAACAA,CTCGTAATTG
>AbdAG06,>abdb6,>AchiG5,>AlE8,>AntpA06,>ApA6,>AraG6,>AwhC5,>BapA6,>bcd5,>B1HG5,>BH2E6,>BshE6,>BtnE5,>C15A5,>CadE5,>CaupA6,>5CtE5,>dfd5,>DllC5,>DrA6,>E5C5,>emsA5,>eng5,>Eve-G5,>ExdE5,>ExexE5,>FtzG5,>GscA5,>H20C5,>HbnA7,>HgtxC5,>HMXA6,>hthC6,>IndC5,>InvC6,>LabE5,>5Lag1G7,>IbeG6,>LblC5,>LimC5,>Lim3C5,>MirrE5,>NK7E6,>OcA5,>oct5,>OdshC5,>5onectG5,>11617C6,>OTPG5,>pBG2,>PhdPA6,>Pph13C5,>PtxG7,>RepoE6,>RoG5,>RxF6,>ScrE09,>5Six4E5,>SlouE5,>SoE5,>TinA6,>TupE5,>UbxC06,>Unc4C5,>UnpgC5,>VisG5b,>VndE8,>ZenC6,>Zen2A5,>CG11085G5,>CG11294A10,>LagG8,>CG12361A5,>CG13424E5,>CG15696G6,>CG18599C5,>CG32105G6,>CG32432G5,>CG33980A5,>CG34031E5,>5CG4136G5,>5CG4328E5,>CG7065A7,>CG9876A5
TTAATTAC,CGCTTTATGT,AGCATGACAG,GACTAATTAA,GGTAATTAAA,CTAATTAGCG,TCTGTTGAGT,GATTTGATTA,AGTTCTTAAG,TCTATAATCC,GGTAAAGCAT,ACCTATTAAA,TGCAATTAAT,CCCCATTAAG,GCTCGTTAAG,GCTTAAATGA,AACTATTACA,CACATTGAAC,GTCATTAACA,TATAATTTTA,TCTCCAATTA,ATAAATTAAC,TTCACTAATA,GCAATTATCA,TAGTAAATTA,CCTTTTGACA,CTTAATTATC,ATGCTCCCGC,AAGATTAGTA,TAGATATTAC,GATTAATTAA,TTTGTAATTA,ATATTAATTG,CTGTGACGT,TAATTAGAG,CTTCACTGAA,CATACCCAGA,CTACCAAGAA,CGTTAAATGA,GCTAATTATT,TTTTGTGATA,ATAATCATTA,TGCTATAACA,AAAATAATTA,GAGGATTATT,CTATAATTAG,TAACTAATTG,TACCAACAA,CAATGTGATA,ATTGTAATTA,ATCCTAATTA,GCTGCTAATT,CCGAATTAGT,CTTAATCCTA,GCAAACCCCT,GTCAATTAGG,CTACTAACAT,ATAGGTCCGT,GTCTCATTTA,CGTCAATTAC,AGTATCATTC,CCACTTGAAT,TTCTATTAAG,CTATTAATTA,CTTAATTATC,CGTAATTAG,CGCTGTCATT,ATCTCAAGTA,CGTCTCGCGA,CCCCAAAGTG,CCCTATTAAA,GTAGCCAATG,ATGTTTAACA,TCATTTAATA,TTATCTCCAA,CCAATTAGAG,CCTTTAATTA,GCAATTAATG,TAGGTAATTA,GCTAATTAAC,AACATTTAAT,ACTAATTAAG,GCAATATCTA,AAATGAATTG,GTTAATTGA
>AbdAG07,>abdb7,>AchiG6,>AlE9,>AntpA07,>ApA7,>AraG7,>AwhC6,>BapA7,>bcd6,>B1HG6,>BH2E7,>BshE7,>BtnE6,>C15A6,>CadE6,>CaupA7,>5CtE6,>dfd6,>DllC6,>DrA7,>E5C6,>emsA6,>eng7,>Eve-G6,>ExdE6,>ExexE6,>FtzG6,>GscA6,>H20C7,>HbnA8,>HgtxC6,>HMXA7,>hthC8,>IndC6,>InvC7,>LabE6,>5Lag1G8,>IbeG7,>LblC6,>LimC7,>Lim3C7,>MirrE6,>NK7E7,>OcA6,>oct6,>OdshC7,>5onectG6,>11617C7,>OTPG6,>pBG3,>PhdPA8,>Pph13C6,>PtxG8,>RepoE7,>RoG6,>RxF7,>ScrE11,>5Six4E6,>SlouE6,>SoE6,>TinA7,>TupE6,>UbxC07,>Unc4C6,>UnpgC6,>VisG6b,>VndE9,>ZenC7,>Zen2A6,>CG11085G6,>CG11294A11,>LagG9,>CG12361A6,>CG13424E7,>CG15696G7,>CG18599C6,>CG32105G7,>CG32432G6,>CG33980A6,>CG34031E6,>5CG4136G6,>5CG4328E6,>CG7065A8,>CG9876A6
TTCTTTATTA,GGTTTACAAC,TGTTTGACAT,GATTAATTAA,GGTTTAATGA,GTGCTAATTG,CAGGAAAACA,TCAGCTAATT,ATCTTATTAC,TCTTAATCCC,CGCTAAAGTG,AGCCATTAAG,CTCTTAACGA,GCTGTAATTA,GTTTAACA,ATGATTTATTT,TTCATTAACA,TAGATTAAAC,CCTAATTAAG,ACAAATTAGG,TCACCAATTA,TTGTTAATAA,GGTCATTACT,GTGCTAATTA,CTTCTAACGA,CCATTTGACA,ACAGTAATTA,TTACTAATGA,TCAGATTATC,CCTTTATGGG,CTCTAATTGA,TCATTAAAAT,CCCTTAATTG,TGTCATC,GGTAATTAGA,GGTAATTATA,AATTTAATTA,AGGTCAGATA,GGTAATTACC,GTGCTAATTG,CCACCAGATT,AAACAAATTA,GGTAATAACA,GAGTAAATGA,TATATAATCC,GAGATAATTT,AGCTAATTA,GGCCAAGTCA,ACCAGTGATA,ACCATTAATT,CTCATTAAA,TGCATAATTT,CATATAATTA,GGGGATTAAC,TCAATTAAGA,CTAATAATTA,GCCAATTAAC,AGTGCTTCAC,GGTATCAAGA,TACAATTAGC,AGAAATGATA,CGCACTTGAC,CACCATTATA,TGCAATAAAA,TTCTATTAAG,CTAATTACGC,TGGTGTCAAC,ATCTCAAGTG,CATGCAATTT,CTACTAATTG,TCCCATTAAG,TAACTAATTA,CGAATTTACA,TCCTTAATGA,CATGCTATGA,CCAATTACAA,TTAATTAAAA,ACCAATTAGA,TCTAATTATT,GGCAATTAAC,ATTTTAATAG,GCCTAATTG,CCTCAATTATG,TGGTTAATTA,AGTTATTAAG
>AbdAG08,>abdb8,>AchiG7,>AlE10,>AntpA08,>ApA8,>AraG8,>AwhC7,>BapA9,>bcd7,>B1HG7,>BH2E8,>BshE8,>BtnE7,>C15A7,>CadE8,>CaupA8,>5CtE7,>dfd7,>DllC7,>DrA8,>E5C7,>emsA7,>eng8,>Eve-G7,>ExdE7,>ExexE7,>FtzG7,>GscA7,>H20C8,>HbnA9,>HgtxC7,>HMXA8,>hthC9,>IndC7,>InvC8,>LabE7,>5Lag1G9,>IbeG8,>LblC7,>LimC8,>Lim3C8,>MirrE7,>NK7E8,>OcA7,>oct7,>OdshC8,>5onectG7,>11617C8,>OTPG8,>pBG4,>PhdPA9,>Pph13C7,>PtxG9,>RepoE8,>RoG7,>RxF8,>ScrE12,>5Six4E7,>SlouE7,>SoE7,>TinA8,>TupE7,>UbxC08,>Unc4C7,>UnpgC7,>VisG7b,>VndE10,>ZenC8,>Zen2A7,>CG11085G7,>CG11294A12,>LagG10,>CG12361A7,>CG13424E8,>CG15696G8,>CG18599C7,>CG32105G8,>CG32432G7,>CG33980A7,>CG34031E7,>5CG4136G7,>5CG4328E7,>CG7065A9,>CG9876A7
GGACCCACAT,CGTTTAATGT,AAGGCAGAGA,TTCTAATTAA,GGC TTAATGA,GCTAATTAAT,TTGTATTACA,CTACTTAATT,ACTTATCTGA,GCTTAATCCG,ATCTTATTAC,GCTAATTGA,GATCATTAAG,GGTCATTACC,TGTTTAACGA,CTTATAAAAT,GCAGTTAACA,GCTCTTGAAC,GATAATTAAT,TGCCATTAAA,AGAGCAATTA,ACCGTAATTA,GTCCATTAAT,TCAATTAACC,CATCATTATA,ACTTTGATGA,ACGTTAATTA,TTATAAATGA,TAGGATTACT,CGTTGATTAA,CCTTAATTAA,CATGTAATTA,GTGTTAATTG,GACTGTCAGC,ACGTTAATGA,TCTAATTAAA,GCTAATTAAT,CCACTAATTC,GCTATAAGTA,GTTAATTAAA,CCCAGTAAGG,TTTCATCAGA,ACTCGTGACA,AAACTAATTG,TTTGCTAATC,GATATAATAA,CCTAATTACA,CGGTTTGCAA,GATTGCGATA,TTCGCTAATTT,GGTAATTATA,TTAATAATTG,CATTTAATTA,TGGGATTAAC,CTTTTAATTA,CTTTAATTA,GTCAATTAAA,TCCTTAATGA,CATTGTACTA,GTTAATTATT,GTATCACAAT,AGTACTTAAG,TTTAATTATC,GGCAATTAAG,TCAATTAAAA,AGCAATTAAG,CAAGTTGACA,TTTTTAAGTA,TACCTAATGA,TGAGTAATGA,TGTAATTAAA,TAATTAGA,TCATTTAACA,CCCATAAACC,GAGCAGCATC,CTCAATCTAG,AATTAATTA,TTAATATAAC,GCTTAATGA,GCCAATTAAC,GCTTTTATAG,GAATTAATGA,ATCAATAAAT,TACTGAAGTA,CCAATTAGTG
>AbdAG09,>abdb10,>AchiG8,>AlE11,>AntpA10,>ApA9,>AraG9,>AwhC8,>BapA10,>bcd8,>B1HG8,>BH2E9,>BshE9,>BtnE8,>C15A8,>CadE9,>CaupA9,>5CtE8,>dfd8,>DllC8,>DrA9,>E5C8,>emsA8,>eng9,>Eve-G8,>ExdE8,>ExexE8,>FtzG8,>GscA8,>H20C9,>HbnA10,>HgtxC8,>HMXA10,>hthC10,>IndC8,>InvC9,>LabE8,>5Lag1G10,>IbeG9,>LblC8,>LimC9,>Lim3C10,>MirrE8,>NK7E10,>OcA8,>oct8,>OdshC9,>5onectG8,>11617C9,>OTPG9,>pBG5,>PhdPA10,>Pph13C8,>PtxG10,>RepoE9,>RoG8,>RxF9,>ScrF01,>5Six4E8,>SlouE8,>SoE8,>TinA9,>TupE8,>UbxC11,>Unc4C8,>UnpgC8,>VisG8b,>VndE11,>ZenC9,>Zen2A8,>CG11085G8,>CG11294B1,>LagG11,>CG12361A8,>CG13424E9,>CG15696G9,>CG18599C8,>CG32105G9,>CG32432G8,>CG33980A8,>CG34031E8,>5CG4136G8,>5CG4328E8,>CG7065A10,>CG9876A8
TACCAAACCC ,TGATTTATGT,GCCTGTCATA,TATAATTAA,CTACTAATTA,CCAATTATGA,GTCCAGATTG,CTAATTACTC,CATTAATAAC,GGGTTAATCC,GCTAATTGA,ACCTTTTAAG,TTTTTAATTA,GGTCGTTAAG,ACGTTAACGA,ACAGTAATTA,GGAAAGAACA,GGCAAAGAGA,CCTAATTAAG,CACAATTTGT,AGGGTAATTA,GCTTAAGTA,TGTGATTAAC,ACGTTAATTA,GTCGTTAGTA,CGATTGATGA,ATCTTATTAC,TTTTTAATTG,TGCGATTAAG,AGTCAATAAA,ACAAATTAAG,ATCAATTAAC,TCCTGACAGT,AGACCTGACG,TGATTAATGA,AGCCCTCGCA,TAGTTAATTA,TGTACAACAG,TCTTGTTACA,AAACTAACGA,CAATCGTCTA,TTAATTTTTA,GGAAGTTACA,GCCACTTAAC,CATTAATAAC,ACATTAATCA,GCAATTAAGG,GCTATGATTA,CATCGCTATG,CTCATTAAAC,CTGTTAATTA,CCTAATTGG,CCTGATTAGT,CAATTAATCC,CTAATTAATG,TTACTAATGA,TGCCAATATA,GGAAAGTGGA,GTATCATCTT,ACCGATTAAA,GTATCAGATC,TCCACTTAAG,ATGATACCAT,GTATTAATGA,GTCTTAATTG,CTCATTAAA,CTGTCATCGA,GTCTCAAGTG,CGTTTAATGA,CTGATAATGA,GGCTATTAGA,CTAATTAATA,CATTTTGACA,GTGATAAAAT,CCCATTAATG,TCTAATTAGA,CCCCTAATTG,TGTCATTAAA,GGTAATTACC,GTTAATTAAA,ACTATTAAAG,CCGATAATTA,GCTATAATTA,TATTTAATGA,CTATTAATTA
>AbdAG10,>abdb11,>AchiG9,>AlE12,>AntpA11,>ApA10,>AraG11,>AwhC9,>BapA11,>bcd9,>B1HG9,>BH2E10,>BshE10,>BtnE9,>C15A9,>CadE10,>CaupA10,>5CtE9,>dfd9,>DllC9,>DrA10,>E5C9,>emsA9,>eng10,>Eve-G9,>ExdE9,>ExexE9,>FtzG9,>GscA9,>H20C10,>HbnB2,>HgtxC9,>HMXA11,>hthC11,>IndC9,>InvC10,>LabE9,>5Lag1G11,>IbeG10,>LblC9,>LimC10,>Lim3C11,>MirrE9,>NK7E12,>OcA9,>oct10,>OdshC10,>5onectG10,>11617C10,>OTPG10,>pBG6,>PhdPA11,>Pph13C9,>PtxG11,>RepoE10,>RoG9,>RxF11,>ScrF02,>5Six4E9,>SlouE9,>SoE9,>TinA10,>TupE9,>UbxC12,>Unc4C9,>UnpgC9,>VisG9b,>VndE12,>ZenC10,>Zen2A9,>CG11085G9,>CG11294B2,>LagG12,>CG12361A9,>CG13424E10,>CG15696G10,>CG18599C9,>CG32105G10,>CG32432G9,>CG33980A9,>CG34031E9,>5CG4136G9,>5CG4328E9,>CG7065A11,>CG9876A9
CACTAATTA,CATATTATGA,GTTGTCAAAA,TGCTAATTAA,CCCTTAATGG,CTAATTAAGG,GTGATATACA,ATAATTATGG,ATCTTATTAC,GAGATAATCC,GTTAATTGA,ACCAATTAAT,AAGATAATGA,AGCCTAATTA,ATCTTAATTG,GAACACTACT,TTCTTTAACA,GAAGTTAAAC,CCCCATTAAT,ACGTAATTAT,TGACTAATTA,ATCAATTAGC,ACATAAATGA,TAGGTAATTA,TGGCTAATTG,CAAGTTGACA,GCTAATTACT,CGCCTAATGA,ATCGTAATCC,GATTAATTAT,AGACTAATTA,CCTCATTATG,AGGAAATGAG,GCGATGACAG,GCGTTAATGA,AGTCAGCATG,ATACTAATTA,AAGTTATTAG,GCTGGTTAAC,CCTGATTAAG,GTTAATTAGC,TTTCATTTAG,AGAACTTACA,TGTCCAAAT,CGCGGATTAG,TGTGATTAAA,AGTAATTACC,TTAATCAATA,ACGTATTGGT,TCATTAAAG,CGTAATTAAT,GAAATAATTA,AACAATTATG,AGGCTAATCC,TTGGGTACAA,CCACTAATTA,TTGGGTACAA,CGATAATGA,TTCTCAAAAG,GATTATTAAA,TCTAGTGATA,CCCACTTAAA,ACCACTTAAC,AATTTAATGG,TTCAATTAGG,ATCAATTAAA,CGATGTTGTA,TATTGAAGTA,TCCCTAATGA,CCCGTAATTA,GCCGATTAAG,CTAATTAGGT,ATGTCAAAAA,TGTCATTAAA,TCAGCCG,ATTAATAATA,TGATTAATGA,TCAATTATAG,GCAATTAGTA,AGGTCAGATA,AGGGTACAA,TCCTATTAAA,CGTCATTATT,GAACCTACTT,AGACCAAGCA
>AbdAG11,>abdb12,>AchiG10,>AlF1,>AntpA12,>ApA11,>AraG12,>AwhC10,>BapA12,>bcd10,>B1HG10,>BH2E11,>BshE11,>BtnE10,>C15A10,>CadE11,>CaupA11,>5CtE10,>dfd10,>DllC10,>DrA11,>E5C10,>emsA10,>eng11,>Eve-G10,>ExdE10,>ExexE10,>FtzG10,>GscA10,>H20C11,>HbnB3,>HgtxC10,>HMXA12,>hthC12,>IndC10,>InvC11,>LabE10,>5Lag1G12,>IbeG11,>LblC10,>LimC11,>Lim3C12,>MirrE10,>NK7F1,>OcA10,>oct11,>OdshC11,>5onectG11,>11617C11,>OTPG11,>pBG7,>PhdPA12,>Pph13C10,>PtxG12,>RepoE11,>RoG10,>RxF12,>ScrF04,>5Six4E10,>SlouE10,>SoE11,>TinA11,>TupE10,>UbxD01,>Unc4C10,>UnpgC10,>VisG10b,>VndF1,>ZenC11,>Zen2A10,>CG11085G10,>CG11294B3,>LagH1,>CG12361A10,>CG13424E11,>CG15696G11,>CG18599C10,>CG32105G11,>CG32432G10,>CG33980A10,>CG34031E10,>5CG4136G10,>5CG4328E10,>CG7065B1,>CG9876A10
CATAATTA,GCATTTATTA,AGATCTGACA,ACACGCTAAT,TAGCACTTTT,ACAAATTAAG,GTTTAGAACA,TTCATTAATA,AGTTAAGTGG,AGCTTATCC,TGTTAAACGG,ATCATTTATC,GTCGATTAAA,AGCAATTATA,TCGTTAATGA,AGCAATTAAG,AAAAATGACA,TATGCTAATC,TTTTTAATGA,TAAGTAATTA,TCGCTAATTA,CCTGTAATGA,ACTAATTAAA,CGGCTAATTA,TCAATTAGAC,ATTTTGACGA,TGTGTAATTA,TAGTTAATTA,TCGTTAATCT,GGATAATTAA,GACAATTAAA,CTTCATAC,TTAATTG,TGTCAAACTC,GTAATTAGTA,TAATTAGAG,CGTTCTTTAA,TCTCTCGCCT,CGCCTAATTA,CCAATTATC,GTTAATTGA,TCTAATTTAT,CCAAAAAACA,TAGCTAATTG,AGGATTAAGG,TCTCATTAGG,GATTTAATTA,CCAAATCAAT,CGTAGTGATA,TTTAATTAAT,TACATAATGA,CGATTAATTA,TCCAATTACT,TCGTAATCCC,TGCGCATCGA,GTGCTAATTA,GCTAATTAAT,GACTTAATGA,GGTGTCAACT,CAATTAATTG,GTATCAAAAC,CCACTTGTGG,TTCAATTATG,TCTTAATGA,ATCAATTACA,GCAATTAAGG,TCCTGACAGT,TGTTCAAGAG,GCGCTAATGA,TTAGTAATTA,ACTCCCAGTG,TGCTAATTAA,GAATTTAACA,GGCAATTAAG,CTAATTAATA,CCCAATTGAG,TATCTAATTA,CTTCACTGAA,CCAATTAGAT,CGACTGGAGA,AGGGTTAGA,AGTAATTAGG,CCATTAATA,AAGTCAATTA,ACTTATTAAC
>AbdAG12,>abdb13,>AchiH1,>AlF2,>AntpB01,>ApB2,>AraH3,>AwhC11,>BapB1,>bcd11,>B1HG11,>BH2E12,>BshE12,>BtnE11,>C15A11,>CadE12,>CaupA12,>5CtE11,>dfd11,>DllC11,>DrB2,>E5C11,>emsA11,>eng12,>Eve-G11,>ExdE11,>ExexE11,>FtzG11,>GscA11,>H20C12,>HbnB4,>HgtxD1,>HMXE1,>hthD1,>IndC11,>InvC12,>LabE11,>5Lag1H1,>IbeG12,>LblC11,>LimC12,>Lim3D1,>MirrE11,>NK7F2,>OcA11,>oct13,>OdshC12,>5onectG12,>11617C12,>OTPG12,>pBG8,>PhdPB1,>Pph13C11,>PtxH1,>RepoE12,>RoG11,>Rx2C1,>ScrF06,>5Six4E11,>SlouE11,>SoE12,>TinB1,>TupE11,>UbxD02,>Unc4C11,>UnpgC11,>VisG11b,>VndF2,>ZenC12,>Zen2A11,>CG11085G11,>CG11294B4,>LagH2,>CG12361A11,>CG13424E12,>CG15696G12,>CG18599C11,>CG32105G12,>CG32432G11,>CG33980A11,>CG34031E11,>5CG4136G11,>5CG4328E11,>CG7065B3,>CG9876B2
GTTTTAATTA,TTTTTATAAC,ATATCAAATG,GACTAATTAA,TTCATAATTA,TGCCAATATA,TCGAATAACA,TCCTGACAGT,GTTTAAGTGG,CGGGTAATCC,TCACGCCGAG,GCCCATTAGA,GTCGATTAAG,GATAATTAA,ATCATTTAAG,CTAATAAAA,GGCTAAAACA,TAGTTCAAAG,AGCTATTAAA,AGAGTAATTA,CCTCCAATTA,TTTATAATTA,CCAATTATTG,CAATTAAAA,ACACATTAAC,GCGCATGAGA,TGGCTAATTA,CATCATTAAC,TAGGATTATG,GGGTAATTAG,TACAATTAAT,AGCAATTATC,ACGTTAATTA,CCTGTCACTG,GTAATTAATA,CCTAATTAAA,GCTTGATGCG,TGACTATCAG,TCGATTAACTA,CTTGTTAAC,TTAATTAGT,TTTCATTAAA,TAAGAAAACA,GCCTAGGGAG,GCAGATTAAC,CAGCTAATTA,GACAATTAGG,GTCAATCAGA,ATCTTATTAC,CCTAATTAGG,TGACTAATGA,TTAAATTATC,GTCCTAATTA,GCTAATCCTC,TCCTGACAGT,TAGTTAATTA,TAATTATGA,ACGCTAATGA,GGTATCATAC,GGTCTAATGA,CAGGATGATA,CCCACTTGAG,ACCTTAATGG,GCGTTAATTA,AGCAATTAAC,ACTAATTATC,GGTCTCTGCG,TTTTCAAGTG,TCACGCCGAG,ATCCGAAGTG,AGCAATTAGG,GCTAATTAAT,CTGTTTTACA,GTGATAAAAA,CTGTTAATGA,GTTAATTAGC,CCACTAATGA,CTTAATTAAA,GTCAATTAAT,GAACACTACT,AATGATCGTC,GCTCATTAGG,CGTAATATAA,AGCACAACAA,CCAATTAGTG
>AbdAH01,>abdb14,>AchiH2,>AlF3,>AntpB02,>ApB3,>AraH5,>AwhC12,>BapB3,>bcd13,>B1HH1,>BH2F1,>BshF1,>BtnE12,>C15A12,>CadF1,>CaupB1,>5CtE12,>dfd12,>DllC12,>DrB3,>E5C12,>emsA12,>eng13,>Eve-G12,>ExdE12,>ExexE12,>FtzG12,>GscA12,>H20D1,>HbnB5,>HgtxD2,>HMXE2,>hthD2,>IndC12,>InvD1,>LabF1,>5Lag1H2,>IbeH1,>LblC12,>LimD1,>Lim3D2,>MirrE12,>NK7F3,>OcB1,>oct14,>OdshD1,>5onectH1,>11617D1,>OTPH1,>pBG9,>PhdPB2,>Pph13C12,>PtxH2,> Repo2A2,>RoG12,> Rx2C2,>ScrF07,>5Six4E12,>SlouE12,>SoF2,>TinB3,>TupE12,>UbxD04,>Unc4C12,>UnpgD1,>VisG12b,>VndF3,>ZenD2,>Zen2B1,>CG11085G12,>CG11294B5,>LagH3,>CG12361A12,>CG13424F2,>CG15696H1,>CG18599C12,>CG32105H1,>CG32432G12,>CG33980A12,>CG34031E12,>5CG4136G12,>5CG4328E12,>CG7065B4,>CG9876B3
GGTTGCGGCC,TTATTAATTA,AGCTGTCAGA,CGCTAATTGA,GTGTTAATTA,TCCTTAATGA,AAACATAACA,CACTTGATTA,ACTTATCTGA,TGTTAATCC,CCCTAACATG,ACCAATTATC,GCTCATTAGA,CTCGTAATGA,AATTTAATTG,ACCGTAATTA,GCTAATAACA,ACGCTCGAGC,GCACTAATGA,GATCATTAGA,CGGCCAATTA,TTAATTAGAA,CCATAAATTA,CCAATTAAAA,CCTCATTATG,GCTTTTGACA,AGAGTAATTA,TGCTTAATTA,ACAATAATCC,CTATTATTAA,CTTAATTAAA,CGTAATTAGA,GACTTAATCG,AGCTGTCAAA,CTCATTAACA,CCAATTAAAT,AGTCATTAAG,CATCGCTATG,GCACTAACAA,CCTCGTTAAG,TACTAATTA,ATTAACA,GCAAAAAACA,GAAGCCGCAA,GTGGATTAAT,GCATTAATTT,TACAATTAAT,AAGTTGATTG,GTAGTGCTAG,CCTTAATTAA,GCGTTAATGA,ATCAATAAAA,GCCAATTACC,CTCTTAATCC,AGCAATTTAA,GTGTTAATTA,ACTAATTAGA,TACACACAGC,GGTGTCAGAC,TTTCTAATGA,GATGATGATA,AACACTTAAG,ACCTTAATGG,GCCTTAATTA,TTCAATTAGG,CGCCTAATTA,ATCAGTCCTT,GTACCTGGAT,TCCCTAATGA,GCATAACATC,TCTGTTGAGT,ATCAATTAAG,AGATTTAACA,GGTATTATTA,TAACTAATGG,ACAAAGTTCA,CCGCTAATTA,CTTAATTAAA,ACTAATTAAG,GCCAATTAAC,ACGTAACGA,ACTCATTAAC,CCTAATTAAG,TTATCTCCAA,CAATAATTAG
>AbdAH02,>abdb15,>AchiH3,>AlF4,>AntpB04,>ApB4,>AraH6,>AwhD1,>BapB4,>bcd14,>B1HH2,>BH2F2,>BshF3,>BtnF1,>C15B1,>CadF2,>CaupB2,>5CtF1,>dfd13,>DllD1,>DrB4,>E5D1,>emsB1,>eng14,>Eve-H1,>ExdF1,>ExexF1,>FtzH1,>GscB1,>H20D2,>HbnB6,>HgtxD3,>HMXE3,>hthD3,>IndD1,>InvD2,>LabF2,>5Lag1H3,>IbeH2,>LblD1,>LimD2,>Lim3D3,>MirrF1,>NK7F4,>OcB2,>oct15,>OdshD2,>5onectH2,>11617D2,>OTPH2,>pBG11,>PhdPB3,>Pph13D1,>PtxH3,> Repo2A3,>RoH1,> Rx2C3,>ScrF09,>5Six4F1,>SlouF1,>SoF3,>TinB4,>TupF1,>UbxD05,>Unc4D1,>UnpgD2,>VisG1,>VndF4,>ZenD3,>Zen2B2,>CG11085H1,>CG11294B6,>LagH4,>CG12361B1,>CG13424F3,>CG15696H2,>CG18599D2,>CG32105H2,>CG32432H1,>CG33980B2,>CG34031F1,>5CG4136H1,>5CG4328F1,>CG7065B5,>CG9876B4
TACGTAACTT,GTTTTATGA,GAAATGACA,TCATAATTAA,GATTTAATTA,CTAATTAAGT,CATGTAAACA,CTCATTAGCG,TCACGCCGAG,TGGGATTATA,CATTGTACTA,GTCATTTAAG,CTACTAATAT,TATCATTATA,GCCAATTAAC,CCAATAAATG,ATTTGTGACA,AGTCCTGAAC,TCGTAATGA,CGTTATTAAG,AAAACAATTA,CCGGGAAGGT,TCTGGAGAGG,TAACTAATTA,GTTAATTAAA,GAGTTGACAT,GGTAATTAGA,GGCTTAATGG,TCGTTAATCT,TGAATATTGA,CTTAATTATC,CTTCATTATT,CCTCTAATTG,TATTTGACAT,CTAATTAAGG,TCAATTAGAG,CTACCAGATT,CCCCTAAATT,CCTCGTTAGT,ACCAATTAAA,ATTAATTAGA,CTCATTAGAT,TCACGCCGAG,GCGCTAATGA,TTCATAATCC,TGGTAAATGA,CCAATTAAAT,ACAAATCAAT,CCGTCTAAAC,CTAATTACAG,GCTCATTAAG,TCCGCTAATTT,AATAATTAGC,CTTACTGTTT,CCAATTACTA,GTCAATTAAA,CTTAATTAAC,GGAAATACGC,GGTGTCATGT,GGGCTAATTA,TCACGCCGAG,CCACTTGAA,TGCATGCATC,GACAATTAAA,GCACTAATTA,ATAATTAGCG,CAAATGACA,CTCTTAAGTA,GGCTTAATGA,ACTCTGTGAG,AGTTAAGTTC,CCTAATTAAA,TTTTTTTACA,GGTATTATTA,TGCAATTACC,CTCAATCAAC,CTCATTATAA,GTAATTAATA,CCAATTAACG,TCTAATTAGA,GTCCAGATTG,CTACTAATTG,CACAATTAGA,GTTTCGATTA,ACTAATTAGA
>AbdAH03,>abdb17,>AchiH4,>AlF5,>AntpB06,>ApB5,>AraH7,>AwhD2,>BapB5,>bcd15,>B1HH3,>BH2F3,>BshF4,>BtnF2,>C15B2,>CadF3,>CaupB3,>5CtF2,>dfd14,>DllD2,>DrB5,>E5D2,>emsB2,>eng15,>Eve-H2,>ExdF2,>ExexF2,>FtzH2,>GscB3,>H20D3,>HbnB7,>HgtxD4,>HMXE4,>hthD4,>IndD3,>InvD3,>LabF3,>5Lag1H4,>IbeH3,>LblD2,>LimD3,>Lim3D4,>MirrF2,>NK7F5,>OcB3,>oct16,>OdshD3,>5onectH3,>11617D3,>OTPH3,>pBG12,>PhdPB4,>Pph13D2,>PtxH4,> Repo2A4,>RoH2,> Rx2C4,>ScrF10,>5Six4F2,>SlouF2,>SoF4,>TinB5,>TupF2,>UbxD06,>Unc4D2,>UnpgD3,>VisG2,>VndF5,>ZenD4,>Zen2B3,>CG11085H2,>CG11294B7,>LagH5,>CG12361B2,>CG13424F4,>CG15696H3,>CG18599D3,>CG32105H3,>CG32432H2,>CG33980B3,>CG34031F2,>5CG4136H2,>5CG4328F2,>CG7065B6,>CG9876B5
GGTCATTAAA,AGTTTTATGG,ATCTGTCAGT,CGCTAATTGG,TGTTTAATGA,TCTCATTAAA,TGTTCAGCTA,TGTCTAATTA,TGTTAAGTGG,GCGTAATCCA,GGTAAAGCAT,ACCAATTACA,GCTCATTAGA,CTTAATTAAC,ACCCATTATT,GCCATTAAAG,ACCGGAAACA,GGGATAAAC,TGCTTAATGG,CATAATTTTC,GAACCAATTA,GGTATAATGA,GCCAATTATA,CTCTTAATTG,TCCCATTAAC,ATTTTGATGG,TTCTAATTGA,GAACCTACTT,GGGATTAACA,GCTTAATTGA,ACCAATTAAA,TTAATTAATT,CACTTAATCG,GAGGTGACAG,GTAATTAGAA,TCAATTAAAA,GTAGCCAATG,CTACCATAAA,CACATAATCA,GCTCGTTAAG,TGGTAATTAA,CAATTACC,GATACTTACA,CTTAGATTTT,GAGGATTACG,TCTCATTAAA,TGCTAATTAA,CTGGGCTATA,TAATGCACAC,GCATAATTA,GCTAATTAAT,CGGAATTAAG,AACAATTAGC,CGTTAATCTC,GCTATAATTA,ACTAATTAAA,TATCAACCCC,CTACTAACTT,GTATCACTTA,CCTCTAATTG,GTATCATTTT,GCCACTTGAG,TGCAATTAAG,CCGTTAATTA,GTACAACCAA,TCAATTAAG,GCTCTGACAG,TTATCAAGAG,TACCTAATGA,ATACTAATTA,ATCAATTAGC,ATTAATTATG,GTTTAACA,GTAATCAAAG,GCCTATTAAA,GCCATCAAG,CCGCGTCCG,ATTAATTAGA,ACCAATTAGG,GTTAATTAC,AGGAATTGGA,CAACTAATTA,CCAATTATAC,CATTGTACTA,TTTAATTAAG
>AbdAH04,>abdb18,>AchiH5,>AlF6,>AntpB07,>ApB6,>AraH8,>AwhD3,>BapB6,>bcd16,>B1HH4,>BH2F4,>BshF6,>BtnF3,>C15B4,>CadF4,>CaupB4,>5CtF3,>dfd15,>DllD3,>DrB6,>E5D3,>emsB3,>eng16,>Eve-H3,>ExdF3,>ExexF3,>FtzH3,>GscB4,>H20D4,>HbnB9,>HgtxD5,>HMXE5,>hthD5,>IndD4,>InvD4,>LabF4,>5Lag1H5,>IbeH4,>LblD3,>LimD4,>Lim3D5,>MirrF3,>NK7F6,>OcB4,>oct17,>OdshD4,>5onectH4,>11617D5,>OTPH4,>pBH1,>PhdPB5,>Pph13D3,>PtxH5,> Repo2A5,>RoH3,> Rx2C5,>ScrF11,>5Six4F3,>SlouF3,>SoF5,>TinB6,>TupF4,>UbxD07,>Unc4D3,>UnpgD4,>VisG3,>VndF6,>ZenD5,>Zen2B4,>CG11085H3,>CG11294B8,>LagH6,>CG12361B3,>CG13424F5,>CG15696H4,>CG18599D5,>CG32105H4,>CG32432H3,>CG33980B4,>CG34031F3,>5CG4136H3,>5CG4328F4,>CG7065B7,>CG9876B6
TTTTTTATGA,TCTTTAACGA,AATGGATATT,ACCTAATTAA,TTTTTAATGA,ACTAATTAAT,TTCAAAAACA,GTAATTAGGT,TCTTAAGTGG,GGCTTAAGCC,TCTGTTGAGT,TCCAATTATG,GGCAATTAAC,GGTCATTAAT,GCTAATTAAA,AGTTTAATAA,TCGGTTAACA,CTAATTGAAC,ATCGTAATTA,CTGATAGGCG,CGAGCAATTA,TCAATAGTGC,CTCCATTAAA,CCGATAATTG,AGTCATTAAA,ACTTTGATGA,AGTTAATTAC,CCGTTAATTA,CGAGATTAAG,AGATAATAAT,ATTAATTAAA,TTTTTAATTA,TTATTAATCG,GAAGAAACGT,ACACTAATGA,CTAATTAGAA,CTTCACTGAA,CCACCAAATT,GCTTTAACAA,ACCAATTAAG,TTATAATTAA,CTCAATTAAG,CAAGAAAACA,CAATTAAAA,AGCGATTAAG,GCCCTAATTA,GACTTAATTA,CCAAATCAAG,CTTTTCATCT,ATTCATTAAC,TGTAATTAAA,CTAATTATA,AGCCTAATTA,CCTTAATCCC,TAATTACAT,TCGTAATGA,TACTTAATTA,TCATTAATGA,GGTGTCAATT,CTATAATTAG,ATATCCCTCA,TGCACTTGAG,TTCCATTTAG,GCCCATTAAA,ACCAATTATT,GCCAATTAAG,ATTATGACAC,GTCTCAAGTA,GTGCTAATTA,GTCATTAGTA,TGTGACCATC,GCTAATTAAC,AAAAATAACA,CTAATAAACG,TGTCTAATGA,ACCAATCAAG,GCCACGTGT,CTAATTTGGA,CTTAATTAAA,CCTAATTATA,AGCAATTAAC,CTTAATTACG,GCCAATTACA,TAACCAATAA,TTTAATTACA
>AbdAH05,>abdb19,>AchiH6,>AlF7,>AntpB08,>ApB7,>AraH9,>AwhD5,>BapB7,>bcd17,>B1HH5,>BH2F5,>BshF7,>BtnF4,>C15B6,>CadF5,>CaupB5,>5CtF4,>dfd16,>DllD4,>DrB7,>E5D4,>emsB5,>eng17,>Eve-H4,>ExdF4,>ExexF4,>FtzH5,>GscB5,>H20D5,>HbnB10,>HgtxD6,>HMXE6,>hthD6,>IndD5,>InvD5,>LabF5,>5Lag1H6,>IbeH5,>LblD4,>LimD6,>Lim3D6,>MirrF4,>NK7F7,>OcB5,>oct18,>OdshD5,>5onectH5,>11617D7,>OTPH5,>pBH3,>PhdPB6,>Pph13D4,>PtxH6,> Repo2A6,>RoH4,> Rx2C6,>ScrF12,>5Six4F4,>SlouF4,>SoF6,>TinB7,>TupF5,>UbxD08,>Unc4D4,>UnpgD5,>VisG4,>VndF7,>ZenD6,>Zen2B5,>CG11085H4,>CG11294B9,>LagH8,>CG12361B4,>CG13424F6,>CG15696H5,>CG18599D9,>CG32105H5,>CG32432H4,>CG33980B5,>CG34031F4,>5CG4136H4,>5CG4328F5,>CG7065B8,>CG9876B7
CTACTAATTC,GCTTTTATTA,GCTGTCAAAA,TAATTAATT,GGCAATTAAG,TCGTTAATGA,AAACATAACA,TCACTAATTA,ACTTAAGTAC,GGTTATCCG,CGTTAATT,ACCAATTATC,GCTAATTAAT,AATATAATGA,ATCTTATTAC,CTATTTATTA,GATAATAACA,AGATTGACTA,CTCATTACT,GGTTAATTAC,GGACCAATTA,GTGTTAATTG,TTTCTAATGA,CGACTAATTA,TGTTTAATGA,GCATTTGACA,TGTAATTAAT,GAGTTAATGA,TCGGATTAAG,CTGTAATAAA,GCTAATTAAC,GCTTTAATTA,CACTTAATTA,AGCTGTCATT,TTGCTAATTA,GTAATTAGTA,CTGTTAATTA,CTACCAAGAT,GCTAATTAAT,ACCAATTATC,GTCCAGATTG,GTCAATTACA,CTGAAAAACA,TCCTTAATAG,CTGGATTAAG,GCTCATTAAC,CCTAATTAAA,AGTCTTGATTT,AGAAACTATG,TCAATTAAGG,GGTAATTATA,CTTAATTATC,AGTAATTACA,CGTTAATCCC,TCTAATTAAA,TCGCTAATTA,CCAATTAGTG,TCGTTAATGA,GGTGTCACAG,GTTAATTAGT,TCGGAATGAA,CTTCGCAGTA,GATAGATC,TCCTTAATGA,GTCAATTAAG,ACCAATTAAT,GGCGTTGACA,CACTCAAGTG,TCCTTAATGA,GTACTGTGTG,ACCAATTAAC,GCTAATTAAT,TAAGTTGACA,CCAATAAAAT,TGTTATAATG,TTCAATTAAA,CCCGTAATTA,GCTAATTAAT,ACCAATTAAT,TAAACTCTCC,GACCATTAAG,GGATAATTAA,GTTAATTATT,CATTGTACTA,TTTAATTAAT
>AbdAH06,>abdb20,>AchiH8,>AlF8,>AntpB09,>ApB8,>AraH10,>AwhD6,>BapB8,>bcd18,>B1HH6,>BH2F6,>BshF8,>BtnF5,>C15B7,>CadF6,>CaupB6,>5CtF5,>dfd17,>DllD5,>DrB8,>E5D5,>emsB6,>eng18,>Eve-H5,>ExdF5,>ExexF5,>FtzH6,>GscB6,>H20D6,>HbnB11,>HgtxD7,>HMXE7,>hthD7,>IndD6,>InvD6,>LabF6,>5Lag1H7,>IbeH6,>LblD5,>LimD7,>Lim3D7,>MirrF5,>NK7F8,>OcB6,>oct19,>OdshD6,>5onectH6,>11617D8,>OTPH6,>pBH4,>PhdPB7,>Pph13D5,>PtxH7,> Repo2A7,>RoH5,> Rx2C7,>ScrG1,>5Six4F5,>SlouF5,>SoF7,>TinB8,>TupF6,>UbxD09,>Unc4D5,>UnpgD6,>VisG5,>VndF8,>ZenD7,>Zen2B6,>CG11085H5,>CG11294B10,>LagH10,>CG12361B5,>CG13424F7,>CG15696H7,>CG18599D10,>CG32105H6,>CG32432H5,>CG33980B6,>CG34031F6,>5CG4136H5,>5CG4328F6,>CG7065B9,>CG9876B8
TGCAATTAAA,ACTTTTACGA,CTCTTTAGCC,CACTAATTAC,CGTTTAATTA,TCGCTAATTA,TGCAAAAACA,GTAATTAAAG,GGACCCACAT,TGTTAATCCC,AGTTGACCAC,AGCAATTATA,GCTAATTAAT,GCTAATTATC,TCACGCCGAG,TATTTTATTA,CTAAAAACA,CATTCTGAAC,CTTCATTAAG,CGCAATTAGA,TCTCCAATTA,TAGCTAATGA,TGCCTAATGA,CCAATTAAAA,CGGCTAATTA,CGGTTTGACA,ACTTAATCAC,GCCCTAAGAT,ACGGATTAAA,ACCTCATAAT,CCAATTAAT,CTCATTAAA,TAGTTAATTA,TCACGCCGAG,GTCCTAATTA,GATGCTAAAC,AATGATCGTC,CTACCAAGAT,ACCAATTAAC,CGACTAATGA,GAACCAAAGG,TCAATTAAGA,TTTGAAAACA,GGCAATTAAG,AGGGATTATA,CTCATAATCA,TCTAATTAAG,GGAGAGCCTT,ATAAATGATA,ATTAATTAAA,GATAATTATC,TTTAATTAAT,GTCAATTAAA,GGTTAATCCC,TCAATAAATA,GCTAATTAAT,CCTAATTATG,GCAATTAAAG,GGTATCATTA,CCCAATTAAG,GTATCATTTA,GTCCAGATTG,ATCCATTAAG,GCCTTAATTA,GTCAATTAAC,CTAATTTGGA,TAAGTGACAA,TTTTCAAGTG,TTTTTAATTA,TGGCATTACG,ATGTTGGTAT,GCTAATTAAT,ATCAGTCCTT,GTAATTAAAA,CCAATTATGC,CCTAATTAAT,TTAATCACTC,CTACCAACTT,TTTAATTATA,ACTAATTAAA,GAGTTGTAGA,GCTTAATTG,TGCAATATAT,GTTTTAATAA,TCTAATTATC
>AbdAH07,>abdb21,>AchiH10,>AlF9,>AntpB11,>ApB9,>AraH11,>AwhD7,>BapB9,>bcd20,>B1HH7,>BH2F7,>BshF9,>BtnF6,>C15B8,>CadF7,>CaupB7,>5CtF6,>dfd18,>DllD6,>DrB9,>E5D6,>emsB7,>eng19,>Eve-H6,>ExdF6,>ExexF6,>FtzH7,>GscB7,>H20D7,,>HgtxD8,>HMXE8,>hthD8,>IndD7,>InvD7,>LabF7,>5Lag12C1,>IbeH7,>LblD6,>LimD8,>Lim3D8,>MirrF6,>NK7F9,>OcB7,>oct20,>OdshD7,>5onectH7,>11617D9,>OTPH7,>pBH5,>PhdPB10,>Pph13D6,>PtxH8,> Repo2A8,>RoH6,> Rx2C8,>ScrG2,>5Six4F6,>SlouF6,>SoF8,>TinB9,>TupF7,>UbxD10,>Unc4D6,>UnpgD8,>VisG6,>VndF9,>ZenD9,>Zen2B7,>CG11085H6,>CG11294B11,>LagH11,>CG12361B6,>CG13424F8,>CG15696H8,>CG18599D11,>CG32105H7,>CG32432H6,>CG33980B7,>CG34031F7,>5CG4136H6,>5CG4328F7,>CG7065B10,>CG9876B9
CGTTCTTTAA,TGATTTATTA,ATTCCGCTCT,GTCTAATTAA,TTTTTAATGA,CGACTAATTA,AGCTTTTACA,TTTTTAATTA,TGTTAAGTGG,CGCTTAATCC,TCACGCCGAG,ATCAATTAAC,GCTCGTTAAG,CGTAATTAAT,GCTAATTAAT,GCAATAAACA,TGAAAAACA,AGCCTTGAAC,AGTCATTAGG,CGCAATTATA,TGAGTAATTA,AGTTGACGC,TCACTAATTA,CTCAATTAAG,TTGCTAATTA,TGTTTGATGA,TCTAATTAA,CTGTTAATTA,CCCCTAATCC,AATTTATTAA,,ACTTTAATTA,CCACTAATTA,ATACCCGTGC,TCACTAATGA,CCAATTAGTT,GTCCAGATTG,GTGGTATGCT,GCTAATTAAC,CTGCTAATCA,CTACTAATAT,ACTAATTAAC,ACGCCTGACA,ACCAATTAAG,GAGTTAATCC,AGTTTAATTG,CCGCTAATTA,GCAAATCAAC,GTTAGTGATA,ATTAATTAGA,CCAGCAAGAT,TACCTAATTA,ACTAATTATA,TCTTAATCCC,CGCGTAATTA,GCTAATTAAT,GTGTTAATTA,GAATTAATGA,GGTGTCATCA,GACAATTATA,CGCAGCACAT,TCCACTTCAA,GCGATAAGTG,CTTTTTATGA,TCCAATTAAG,GCTAATTAAT,GCTTGTCATC,TTTTCAAGTA,TACATAATGA,CTTGATCGTG,AACATTTAAT,GCCATACCAC,GATTTTAACA,CAAGCATGTT,TCAATTAAAC,ATCAATTAAC,TACATAATGA,GCTAATTAAT,GTTAATTAGC,GCTAATTAGA,GAGTTGTAGA,GCTCTAATTA,AGCAATATAG,TTCTGACCAT,GCTAATTAAC
>AbdAH08,>abdb22,>AchiH11,>AlF10,>AntpB12,>ApB10,>Ara2G1,>AwhD8,>BapB10,>bcd21,>B1HH8,>BH2F8,>BshF10,>BtnF7,>C15B9,>CadF8,>CaupB9,>5CtF7,>dfd19,>DllD7,>DrB10,>E5D7,>emsB8,>eng20,>Eve-H7,>ExdF7,>ExexF7,>FtzH8,>GscB8,>H20D8,,>HgtxD9,>HMXE9,>hthD9,>IndD8,>InvD8,>LabF8,>5Lag12C2,>IbeH8,>LblD7,>LimD9,>Lim3D9,>MirrF7,>NK7F10,>OcB8,>oct21,>OdshD8,>5onectH8,>11617D10,>OTPH10,>pBH6,>PhdPB11,>Pph13D7,>PtxH9,> Repo2A9,>RoH7,> Rx2C9,>ScrG3,>5Six4F7,>SlouF7,>SoF9,>TinB10,>TupF8,>UbxD11,>Unc4D7,>UnpgD9,>VisG7,>VndF10,>ZenD11,>Zen2B8,>CG11085H7,,,>CG12361B7,>CG13424F9,>CG15696H9,>CG18599F1,>CG32105H9,>CG32432H7,>CG33980B8,>CG34031F8,>5CG4136H7,>5CG4328F9,>CG7065B11,>CG9876B10
GATTTAATTA,TGATTTATTA,GCTGTCAAAG,GGCTAATTAA,CCTTTAATGA,CGCTAATGA,ACCCCAAACA,CAATTAGCG,TCTTCCATTA,TTACTAATCC,GCTGTTATTT,AGCAATTAAC,GCCAATTATA,AGTCATTAAG,CCTATTTAAA,CTCAATAAAA,CGCAGCAACA,GTACTTAAAC,TACCTAATGA,TCCAATTACG,TCAGCAATTA,TGGCTAATTA,GGTCTAATGA,GCGTTAATGA,ACACTAATTA,AATTTTGACA,ACTAATTAG,GGGTTAATTA,GGGATTAACA,ATCTAATTAA,,GTTTTAATGA,TGTTTAATTG,TGTCATTGTA,GCAATTAATA,TCAATTAAAA,CGTTAATT,TCCCTCACTG,TTGTTATC,GCTAATTAAT,AGTTCACGGG,ATTAATCAAC,CGAATTTACA,CGCTTAATTA,CTGGATTAGT,GAGATAATTC,GTCAATTAGT,GTTATGCGTC,ATAAGTGATA,TAACTAATTA,TTGCTAATGA,GCCATGGAT,GTTAATTAAT,CGTTAATCCC,TAGCTAATTA,GCTAATTAAT,GTCAATTAAT,GGTTTAATGA,GGTATCAAAA,ATCAATTAAG,GCGCATGAGA,CTTCGCAGTA,ATCAATTAAG,GGTAATTAAC,ACCAATTAAA,TGTAATTATC,TGTTTTGACA,GTTTCAAGTG,TGCTAATGA,CTAGCTTACG,GTCCAGATTG,,,TCACGCCGAG,AGTTGACCAC,GTTAATTAAC,CCGTTAATTA,CTACTAAATT,TCAATTAGGA,ATCAGTCCTT,CAGTGTTAAT,GGTTTAATTA,TTAATTATCG,CATTAATAAC,ACTAATTAAC
>AbdAH09,>abdb23,>achi2F1,>AlF11,,>ApB11,>Ara2G2,>AwhD9,>BapB11,>bcd22,>B1HH9,>BH2F9,>BshF11,>BtnF8,>C15B10,>CadF9,>CaupB10,>5CtF8,>dfd20,>DllD8,>DrB11,>E5D8,>emsB9,>eng21,>Eve-H8,>ExdF9,>ExexF8,>FtzH9,>GscB9,>H20D9,,>HgtxD10,>HMXE10,>hthD10,>IndD9,>InvD9,>LabF9,>5Lag12C3,>IbeH9,>LblD8,>LimD10,>Lim3D10,>MirrF8,>NK7F11,>OcB9,>oct22,>OdshD9,>5onectH9,>11617D11,>OTPH11,>pBH7,,>Pph13D8,>PtxH10,> Repo2A11,>RoH8,> Rx2C10,>ScrG5,>5Six4F9,>SlouF8,>SoF10,>TinB11,>TupF9,>UbxD12,>Unc4D8,>UnpgD10,>VisG8,>VndF11,,>Zen2B9,>CG11085H8,,,>CG12361B10,>CG13424F10,>CG15696H10,>CG18599F2,>CG32105H10,>CG32432H8,>CG33980B10,>CG34031F9,>5CG4136H8,>5CG4328F10,>CG7056G1,>CG9876B11
GCGCTAATGA,TCTTTAATTA,CGAATGACAA,CCCTAATTGA,,CTAATTAGCA,GCAATTAACA,TAGTTAATTA,CGTTAAGTGG,GTCCTAATCC,GGCAATTAAG,ATCAATTAAC,ACCAATTACA,GACTTAATGA,TCACAATCAC,ATCATAAAAC,AACTGTAACA,GTGGTTGAAC,TGGATAATGA,TGGATAATTA,GCCCCAATTA,ATATTAATTA,CCAATTAGAG,GCTAATTAAG,GTAATTAGTA,GTCTTTGACA,TGGCTAATTA,TTTTTAATGA,TGGATTAGGA,TGCTAATAAA,,TAGTTAATGA,TATTTAATTG,ACGCTCGAGC,CCACTAATTA,ATTCCGCTCT,GGTCATTAAT,TCGTACGAAT,ACCAATTAAC,GCTAATTAAT,GCTAATTAAT,TAATTAGCC,GCTCAAAACA,TGACTAATTA,AGGATTAAT,GGTTTAATTT,TTCAATTACA,CCACCATTTT,CGTAGTGATA,TTAATTAGAC,GCTAATTAAG,,CAGTGTTAAT,CGTTAATCCC,GATTTAATTG,GTCTTAATTA,ATCAATTATG,CCACTAATTA,GTGAGCATGT,CTACTAAAGT,ATCAGTCCTT,GTCCAGATTG,TGACCTCAGT,TGCAATTAAA,ACCAATTAAC,CTAATTAAGG,GGAAGTGACA,CGTCCTCAAC,,GCCTTAATTA,GTCCAAGCGC,,,CTACTAGATC,AGGGTCCCGC,CCTAATTAAG,TTAATAATGA,GCTAATTAAT,GCCAATTAAT,GCTAATTAAT,TATTCTAAGA,CCGCTGTATG,TCAATAATGA,ATATTAATTA,ATTAATTATG
>AbdAH10,>abdb24,>achi2F2,>AlF12,,,>Ara2G3,>AwhD10,>Bap2C1,>bcd23,>B1HH10,>BH2F10,,>BtnF9,>C15B11,>CadF10,>CaupB11,>5CtF9,>dfd21,>DllD9,>DrB12,>E5D9,>emsB10,>eng22,>Eve-H9,>ExdF10,>ExexF9,>FtzH10,>GscB10,>H20D10,,>HgtxD11,>HMXE11,>hthD11,>IndD10,>InvD10,>LabF10,>5Lag12C4,>IbeH10,>LblD9,>LimD11,>Lim3D11,>MirrF9,>NK72A2,>OcB10,>oct23,>OdshD10,>5onectH10,>11617D12,,>pBH8,,>Pph13D9,>PtxH11,> Repo2A12,>RoH9,> Rx2C11,>ScrG6,>5Six4F10,>SlouF9,>SoF11,,>TupF10,,>Unc4D9,>UnpgD11,>VisG9,>VndF12,,>Zen2B10,>CG11085H9,,,>CG12361B11,>CG13424F11,>CG15696H11,>CG18599F3,>CG32105H11,>CG32432H9,,>CG34031F10,>5CG4136H9,>5CG4328F11,>CG7056G2,>CG9876B12
TGTTTAATGA,TGTTTTATGA,TGTTGTCAAA,GTTAATTAAA,,,GCAAGTTACA,GTACTAATGA,ACACTTAAAG,GGTTAATCCG,CCCGTTCGTG,ATCAATTAAG,,TCCTTAATGA,GGCAATTAAC,ATTCCGCTCT,ATAAAAAACA,TGGCTAAAAC,CGACTAATGA,AGTAATTACA,AGTCCAATTA,AATCTAATTA,CTAATTAGAG,CCAATTAAAC,TTGCTAATGA,AGTCTGTGGT,AGCAATTAAA,ATATTAATTA,ATGGATTAGT,CGTTTATTAA,,AGTTTAATTA,ATCACTTGCA,TTTCGTGACA,TCCCTAATTA,TCACGCCGAG,CAGGCACCCA,ACTACAAAGG,CCTCGTTAAA,CGACTAATGA,AGTTAATTAA,CTAATTAGAT,CTAGAAAACA,ATCATTAAAC,TCGGATTAAG,GCTTTAATTT,CTTAATTAAC,CCCAATCAAA,AGAGATGATA,,AGGTTAATGA,,ACTAATTAAA,ACTTAATCCC,CCATTAATTA,GCTAATTAAT,GTCAATTAGC,GCAATTAACG,GTCTCAAATA,ACCAATTAAA,GTATCACTTA,,CTATCATAAC,,TCCTGACAGT,CTAATTAATA,CGTGTCAAAC,CATTCAAGTG,,GTTACGCGTG,ATCAGTCCTT,,,ATCAGTCCTT,GGTATACGAC,TCCAATTAAC,CCGCTAATTA,TTTAATTAAG,ATCAATTAAG,,AAGAGTCCTA,AACAATTACA,TTTAATTATT,CTTTGAAGTA,TGCAATTATC
>AbdAH11,,>achi2F3,,,,>Ara2G4,>AwhD11,>Bap2C2,>bcd24,>BH12E2,>BH2F11,,>BtnF10,,>CadF11,,>5CtF10,>dfd22,>DllD10,,>E5D10,>emsB11,>eng23,>Eve-H10,,>ExexF10,>FtzH11,>GscB11,>H20D11,,,>HMXE12,,>IndD11,>InvD11,>LabF11,>5Lag12C5,>IbeH11,>LblD10,>Lim1C1a,,>MirrF10,>NK72A3,>OcB11,>oct24,>OdshD11,>5onectH11,>OptixE1,,>pBH9,,>Pph13D11,,> Repo2B1,>RoH10,> Rx2C12,>ScrG7,>5Six4F11,>SlouF10,>So2E1,,>TupF11,,>Unc4D10,,>VisG10,,,>Zen2B11,>CG11085H10,,,,>CG13424F12,>156962G1,>CG18599F4,,>CG32432H10,,>CG34031F11,>5CG4136H10,>5CG43282A1,>CG7056G3,
GGCAATTAAG,,CTGTCAATC,,,,TAAGAGAACA,TACCTAATGA,ACTTAAGTAC,ATGGATTAGA,TTCTAAACGG,ACCAATTAAG,,ACGTTAATGA,,GTAATAAAGT,,TGTCTTGAAC,TATCATTAAC,CTAATTACA,,GCACTAATGA,CTAATTAGCG,TCAATTAAG,CCTCATTAAT,,CATGTAATTA,TTGTTAATGA,GGATTAATG,ATTTTATGAG,,,AGTTCTTAAG,,CTAATTAGCA,GGTAATTAAC,AGTCTAATGA,CTACCAGAAG,CCTCGTTAAG,CCTCGTTAAG,CCCCCAATTT,,GCACAAAACA,TACTTAAGTG,CCGGATTAAC,CTGATAATTA,CTCAATTACC,CTAATCAACG,TCTTCCATTA,,TCATTAATGA,,ATTAATTAAA,,GTCAATTAAA,GCGGTAATTA,GTCCAGATTG,CTGTTAATTA,GTATCACAAA,CGTAATTAAA,GATCGTGATA,,CGTCTCACGA,,GTCAATTAAC,,TACTGTCAAA,,,GAGTTAATGA,ATGTTGGTAT,,,,CCACTATATT,AGTAATTACA,GCGTTAATTA,,GTTAATTAAC,,TTGGGTACAA,TTTAATTAAA,ACTCATAATT,ACCCTAATTG,
>AbdAH12,,>achi2F4,,,,>Ara2G5,>Awh2A1,>Bap2C3,,>BH12E3,,,>BtnF11,,>Cad2E1,,>5CtF11,>dfd23,>DllD11,,>E5D11,,>eng24,>Eve-H11,,>ExexF11,,,,,,>HMXF1,,,,>LabH3,>5Lag12C6,,>LblD11,>Lim1C2a,,>MirrF11,>NK72A4,,,,,>OptixE2,,>pBH10,,,,> Repo2B2,>RoH11,> Rx2D1,>ScrG8,,>SlouF11,>So2E2,,,,>Unc4D11,,>VisG11,,,>Zen2E1,>CG11085H11,,,,>CG13424C1,>156962G2,>CG18599F5,,>CG32432H11,,>CG34031A1,>5CG4136H11,>5CG43282A2,>CG7056G4,
ATCTTAATTAC,,AGCTGTCAAA,,,,CATATAAACA,GCCTTAATTT,TTTTAAGTGT,,GCCAATTAAC,,,GAGTTAATGA,,CCAATAAAGG,,CGTCCTGAAC,CCGTTAATGA,CTACTAATTA,,TGACTAATGA,,CGGCTAATTA,GGTCATTAAC,,CGCTAATTAA,,,,,,TTGTCTTCGA,,,,GCTGTTATTT,GGTATACGAC,,CGACTAATGA,CTATAATTAG,,CAAAATAACA,CGCCGTTCAG,,,,,GTAGCCAATG,,CCTCATTAGA,,,,CCTAATTAAA,GGCAATTAAG,AGCAATTAAA,CACTAATTA,,GCCAATTATC,AATATTGATA,,,,ACTAATTAAG,,AGCTGTCACT,,,ATAATTAAGT,GTCAATTAAT,,,,CTAATTAACC,TGGGTAATTG,CACTAATTA,,TACATAATGA,,CTAATTAATA,CTTAATTATC,ATCAATAATA,AATCAATTAC,
,,>achi2F5,,,,>Ara2G6,>Awh2A2,>Bap2C4,,>BH12E4,,,,,>Cad2E2,,,>dfd24,,,>E52C1,,,,,,,,,,,>HMXF2,,,,>LabH5,>5Lag12C7,,,>Lim1C3a,,>Mirr2C2,>NK72A5,,,,,>OptixE3,,>pBH11,,,,> Repo2B3,,> Rx2D2,>ScrG9,,,>So2E3,,,,,,>VisG12,,,>Zen2E2,,,,,>CG13424C2,>156962G3,>CG18599F6,,,,>CG34031A2,,>5CG43282A3,>CG7056G5,
,,AAACTAAGAT,,,,GGGAAAAACA,CTAATCAAAT,CTGTAAGTGT,,GGCTAATTGA,,,,,GACATTATTA,,,CAATTAATGA,,,TGACTAATAG,,,,,,,,,,,TCACGCCGAG,,,,GTGCGCGCAG,CCACCAAATA,,,AAAAGGATTC,,TGCAGAAACA,GTCCATTAAA,,,,,CGTTCTTTAA,,GGTAATTAGA,,,,GGGCTAATTA,,GCTAATTAGA,CCGTTAATTA,,,CATATCACTG,,,,,,GCTGTCATTA,,,CGTTTAAATG,,,,,GCCTAAGAGA,CATAATCAAA,CTAATTAGTA,,,,ATCTATTAAG,,ATATTTATTA,ATTTGAATTG,
,,>achi2F6,,,,>Ara2G7,>Awh2A3,>Bap2C5,,>BH12E5,,,,,>Cad2E3,,,,,,>E52C2,,,,,,,,,,,>HMXF4,,,,>LabH6,>5Lag12C8,,,>Lim1C4a,,>Mirr2C3,>NK72A6,,,,,>OptixE4,,>pBH12,,,,> Repo2B4,,> Rx2D3,>ScrG10,,,>So2E4,,,,,,>VisH1,,,>Zen2E3,,,,,>CG13424C3,>156962G4,>CG18599F7,,,,>CG34031A3,,>5CG43282A5,>CG7056G6,
,,TAAGATGACA,,,,GGTAATAACA,TTAATTATC,GACTTAAGTG,,AGTTAATAGG,,,,,GCTAATAAAT,,,,,,CCCATTAACC,,,,,,,,,,,TGCAATTAAG,,,,GTGTTAATTA,GAGACGAGAT,,,TCGTTTTGAA,,CTAACAAACA,TGCTATTAAG,,,,,CCCTAACATG,,TTGCTAATTA,,,,CCACTAATTA,,AATAATTAGA,GTCCAGATTG,,,TGGCATGATA,,,,,,TATCCTTTAG,,,TATTTAATTA,,,,,GCCCCATTCT,CCTAATAATA,GCTTAATGA,,,,CCAATTAAAC,,CTTAATAAAT,TATTTAATTA,
,,>achi2F8,,,,>Ara2G8,>Awh2A4,>Bap2C6,,>BH12E6,,,,,>Cad2E4,,,,,,>E52C3,,,,,,,,,,,>HMXF6,,,,>LabH7,>5Lag12C9,,,>Lim1C5a,,>Mirr2C4,>NK72A7,,,,,>OptixE5,,,,,,> Repo2B5,,> Rx2D4,>ScrG12,,,>So2E5,,,,,,>VisH2,,,>Zen2E4,,,,,>CG13424C5,>156962G5,>CG18599F9,,,,>CG34031A4,,>5CG43282A6,>CG7056G7,
,,CCTGTCAAA,,,,GTGTAGAACA,CTTTTGATTA,GCTTAAGTGC,,AACAATTAAC,,,,,TTATTTATTA,,,,,,GGGCTAAATA,,,,,,,,,,,ATCAGTCCTT,,,,GTCTTAATTA,CCACCATAAT,,,TGTCCAAAT,,CTGTACTACA,GACAATTATA,,,,,GAACCTACTT,,,,,,CACTTAATTA,,ACCAATTAAG,GCGCTAATGA,,,GGTATCACAC,,,,,,AAGTTGACAT,,,TCAATTATGA,,,,,CGATTAATTA,CTTAATTACG,AATTCTGTCA,,,,GCAATTAAAC,,CGTATATGAA,GGTAATTAGA,
,,>achi2F9,,,,>Ara2G10,>Awh2A8,>Bap2C7,,>BH12E7,,,,,>Cad2E5,,,,,,>E52C4,,,,,,,,,,,>HMXF7,,,,>LabH8,>5Lag12C10,,,>Lim1C6a,,>Mirr2C5,>NK72A8,,,,,>OptixE6,,,,,,> Repo2B6,,> Rx2D5,>ScrH1,,,>So2E6,,,,,,>VisH3,,,>Zen2E5,,,,,>CG13424C6,>156962G6,>CG18599F11,,,,>CG34031A5,,>5CG43282A7,>CG7056G8,
,,GTCCAGATTG,,,,CCTGAAAACA,ACCTAAATGA,ACTTAAGAAC,,ATCAATTAAC,,,,,TCGAGCATGT,,,,,,TTCATTACGT,,,,,,,,,,,ATGAACTTGA,,,,TCACGCCGAG,TAGTAATATT,,,CGGGGAACGT,,ACTTCGAACA,TTAATTAAAA,,,,,ATCTTAATTAC,,,,,,AGTTTAATTA,,GCTAATTAAG,TGTTAATGA,,,AAGGATGATA,,,,,,AGGGTTAAGA,,,GTCATTAAAA,,,,,CTACTAATTG,CCGCTAATTA,GTTATAATGA,,,,TGCAATTAAA,,GCAATAAATT,CTTTTAATAA,
,,>achi2F10,,,,>Ara2G11,>Awh2A9,>Bap2C8,,>BH12E8,,,,,>Cad2E7,,,,,,>E52C5,,,,,,,,,,,>HMXF8,,,,>LabH9,>5Lag12C11,,,>Lim1C9a,,>Mirr2C7,>NK72A9,,,,,>OptixE7,,,,,,> Repo2B7,,> Rx2D6,>ScrH2,,,>So2E7,,,,,,>VisH4,,,>Zen2E6,,,,,>CG13424C7,>156962G7,>CG18599F12,,,,>CG34031A6,,>5CG43282A8,>CG7056G10,
,,GTCCAGATTG,,,,GAAAGAACA,TCTAATTAAA,TCTTAAGTAC,,AGCAATTATG,,,,,ACTCTAATTG,,,,,,CACTATTAAG,,,,,,,,,,,GGCAATTAAG,,,,CTACTAAATT,CTACCATGTT,,,GCCTAATTAA,,AGATTTAACA,GACATAATAG,,,,,GTGCGTACTG,,,,,,TCATTAATTA,,GTCAATTAAA,GACATAATGA,,,GGCAGTGATA,,,,,,TCACGCCGAG,,,TGCTAAATTA,,,,,AGCTATTAAG,TTCAATTACG,AGCCTAATTA,,,,GACAATTAGA,,TCAATTATCA,ATCTTATTAC,
,,>achi2F11,,,,>Ara2G12,>Awh2A10,>Bap2C9,,>BH12E9,,,,,>Cad2E8,,,,,,>E52C6,,,,,,,,,,,>HMXF9,,,,>LabH10,>5Lag12C12,,,>Lim1C10a,,>Mirr2C8,>NK72A10,,,,,>OptixE8,,,,,,> Repo2B8,,> Rx2D8,>ScrH3,,,>So2E8,,,,,,>VisH5,,,>Zen2E7,,,,,>CG13424C8,>156962G8,,,,,>CG34031A7,,>5CG43282A10,>CG7056G11,
,,TGCTGTCAAA,,,,AGAATTAACA,CCAATTAGCA,ATTTAAGTGA,,TGTTAAACGG,,,,,CCAATAAACT,,,,,,CATTAAATGA,,,,,,,,,,,GGGAATGAG,,,,TATCGCCCAC,ACTCTGCTTA,,,GTTAATTACC,,GCTTGTAACA,GAGATAATGA,,,,,GGAAGTGATA,,,,,,GTTAATTAAA,,GCTAATTAAA,ACGTTAATGA,,,ATACGTCAGT,,,,,,AGTCCCGCTG,,,GCACTAACGA,,,,,CAGTTAATAG,CGCAATAAAA,,,,,GCAATTAAAC,,TTAATATGAG,AGACCAATTG,
,,>achi2F12,,,,>Ara2H1,>Awh2A11,>Bap2C10,,>BH12E10,,,,,>Cad2E9,,,,,,>E52C7,,,,,,,,,,,>HMXF10,,,,>LabH11,>5Lag12D1,,,>Lim1C11a,,>Mirr2C9,>NK72A11,,,,,>OptixE9,,,,,,> Repo2B9,,> Rx2D9,>ScrH4,,,>So2E9,,,,,,>VisH6,,,>Zen2E8,,,,,>CG13424C9,>156962G9,,,,,>CG34031A8,,>5CG43282A11,>CG7056G12,
,,CCTGTCAAAC,,,,GGAAAAAACA,CATAATTA,TATTAAGTAC,,TCTTAAACGG,,,,,GCAATCATTA,,,,,,GACTTAATAA,,,,,,,,,,,CGGAGAATTT,,,,AATGATCGTC,CCCCTGGAAT,,,CCGTGTTAGT,,AGAGAAAACA,GCTATCAATA,,,,,ATCTTATTAC,,,,,,CCAATTAAAA,,ATTAATTAGC,CTATTAATGA,,,CATATCACAA,,,,,,GAACGCACTT,,,GTATTGCAAG,,,,,GATACTTCAA,TCAATCAAT,,,,,AACTATAAAA,,GCAATTAAAG,GGACGAAGTA,
,,,,,,>Ara2H2,>Awh2A12,>Bap2C12,,>BH12E11,,,,,>Cad2E10,,,,,,>E52C8,,,,,,,,,,,>HMXF11,,,,>LabH12,>5Lag12D2,,,>Lim1C12a,,>Mirr2C10,>NK72A12,,,,,>OptixE10,,,,,,> Repo2B10,,> Rx2D10,>ScrH7,,,>So2E10,,,,,,>VisH8,,,>Zen2E9,,,,,>CG13424C10,>156962G10,,,,,>CG34031A9,,,,
,,,,,,TCCCAAAACA,TTAATTAGGC,TTTTAAGTGA,,TCTTAAACGG,,,,,CCTTAAATTA,,,,,,TCAATAATGA,,,,,,,,,,,TCGTCATGCG,,,,TACATAATGA,TGTGATATAG,,,ATTATACTGT,,ACATTTACA,ACATTAAATG,,,,,CTACTAAATT,,,,,,TAGTTAATTA,,GCTAATTAAC,TTGGGTACAA,,,AAACATGATA,,,,,,CGATGTTGTA,,,GCAATTAAGG,,,,,ACAAAGTTCA,GCTAATTAAT,,,,,GAACCTACTT,,,,
,,,,,,>Ara2H3,>Awh2B1,>Bap2D2,,>BH12E12,,,,,>Cad2E11,,,,,,>E52C9,,,,,,,,,,,,,,,,>5Lag12D3,,,>Lim1D2a,,>Mirr2C11,>NK72B2,,,,,>OptixE11,,,,,,> Repo2B11,,> Rx2D11,>ScrH9,,,>So2E11,,,,,,>VisH9,,,>Zen2E10,,,,,>CG13424C11,>156962G11,,,,,>CG34031A10,,,,
,,,,,,TGAAGCCTTG,TAGTTAATTA,CTTTAAGTAC,,AGATAATTGC,,,,,AAAAGGATTC,,,,,,GAACCCACA,,,,,,,,,,,,,,,,TACAAATAT,,,TACTAATTAA,,CCTGAAAACA,TGGTTAAATA,,,,,ATCAGTCCTT,,,,,,TATTTAATTA,,CCCAATTAAT,GTACTAATGA,,,TGTGATGATA,,,,,,TCGGGATGTG,,,GCCTTAATTA,,,,,CAAGACATTG,ACCAATAAAA,,,,,GTGTTAATTG,,,,
,,,,,,>Ara2H4,>Awh2B2,>Bap2D3,,>BH12F1,,,,,>Cad2E12,,,,,,>E52C10,,,,,,,,,,,,,,,,>5Lag12D4,,,>Lim1D4a,,>Mirr2C12,>NK72B3,,,,,>OptixE12,,,,,,,,,>ScrH10,,,>So2E12,,,,,,>VisH10,,,>Zen2E11,,,,,>CG13424C12,>156962G12,,,,,>CG34031A11,,,,
,,,,,,TCAAATTACA,AAGATAATTA,GGTTAAGTGG,,GGATAATTGA,,,,,AGGCACTACG,,,,,,ATTCATTAGT,,,,,,,,,,,,,,,,CCACTAGATT,,,AATTAATTAT,,GTGATATACA,GCCGATGACT,,,,,CTACCAGATC,,,,,,,,,TATTTAATGA,,,CACAATGATA,,,,,,TCCTGACAGT,,,GCAATTAAAA,,,,,CCAATTAGGA,CCAATTTAA,,,,,AACAATTAAG,,,,
,,,,,,>Ara2H6,>Awh2B3,>Bap2D4,,>BH12F2,,,,,>Cad2F1,,,,,,>E52C11,,,,,,,,,,,,,,,,>5Lag12D5,,,>Lim1D6a,,>Mirr2D1,>NK72B4,,,,,>Optix2A2,,,,,,,,,>ScrH11,,,,,,,,,>VisH11,,,>Zen2E12,,,,,>CG13424D1,,,,,,>CG34031A12,,,,
,,,,,,TGGAAAAACA,ATAATTAAG,CTTTATAACT,,ACTTAAACGT,,,,,GTTCTAATTA,,,,,,CGGGTAATTA,,,,,,,,,,,,,,,,GCGCATGAGA,,,TTTTAATTAA,,ATCTCTTACA,GAATTAAGTG,,,,,GCCCATGATA,,,,,,,,,TCACTAATGA,,,,,,,,,AAAGTGAACT,,,AACACCTGTG,,,,,GCAATTAGTA,,,,,,ACCTATTAAA,,,,
,,,,,,>Ara2H8,>Awh2B4,>Bap2D5,,>BH12F3,,,,,>Cad2F2,,,,,,>E52C12,,,,,,,,,,,,,,,,>5Lag12D7,,,>Lim1D9a,,>Mirr2D2,>NK72B5,,,,,>Optix2A3,,,,,,,,,,,,,,,,,,,,,>Zen2F1,,,,,>CG13424D2,,,,,,>CG34031B2,,,,
,,,,,,TAACATTACA,TAACTAATTA,CTTTATAACT,,GATAATTAA,,,,,CTCATAAACA,,,,,,GGTTTAATGA,,,,,,,,,,,,,,,,CTACTAAAAC,,,ACTAATTAAA,,GGAAATTACA,ACTATTAATA,,,,,ACATGTGATA,,,,,,,,,,,,,,,,,,,,,TCCGTAATGA,,,,,ATAATTAGGA,,,,,,TGCAATTAAG,,,,
,,,,,,>Ara2H9,>Awh2B5,>Bap2D6,,>BH12F4,,,,,>Cad2F3,,,,,,>E52D1,,,,,,,,,,,,,,,,>5Lag12D8,,,>Lim1D10a,,>Mirr2D3,>NK72B6,,,,,>Optix2A4,,,,,,,,,,,,,,,,,,,,,>Zen2F2,,,,,>CG13424D3,,,,,,>CG34031B3,,,,
,,,,,,CTACAAAACA,CCACTAATTT,ACTTAACGT,,CTTTAAACGG,,,,,GGATTTATAA,,,,,,GATGTAATGA,,,,,,,,,,,,,,,,CTACTAGTAT,,,TGCTAATTAA,,GGATATAACA,AACCATCAAT,,,,,GGAGCTGATA,,,,,,,,,,,,,,,,,,,,,TTCGCCGACG,,,,,TCACGCCGAG,,,,,,ATCAATTAAC,,,,
,,,,,,>Ara2H10,>Awh2B6,>Bap2D9,,>BH12F5,,,,,>Cad2F4,,,,,,>E52D2,,,,,,,,,,,,,,,,>5Lag12D9,,,>Lim1D11a,,>Mirr2D4,>NK72B7,,,,,>Optix2A5,,,,,,,,,,,,,,,,,,,,,>Zen2F3,,,,,>CG13424D4,,,,,,>CG34031B5,,,,
,,,,,,AGAGAAAACA,ATCCTAATTA,TTAAGTACC,,ATTGGCCACC,,,,,ACCATAATTA,,,,,,TTTTTAATTA,,,,,,,,,,,,,,,,CCACCAAAAT,,,TTTAATTACA,,GTGTTAAACA,GTATTAATGA,,,,,CAATCTGATA,,,,,,,,,,,,,,,,,,,,,TTACTAATGA,,,,,GGCTGAGTC,,,,,,CCTATTTAAA,,,,
,,,,,,>Ara2H11,>Awh2B7,>Bap2D10,,>BH12F6,,,,,>Cad2F5,,,,,,>E52D3,,,,,,,,,,,,,,,,>5Lag12D10,,,,,>Mirr2D5,>NK72B8,,,,,>Optix2A6,,,,,,,,,,,,,,,,,,,,,>Zen2F4,,,,,>CG13424D5,,,,,,>CG34031B6,,,,
,,,,,,ATGAATTACA,TCTAATTAAA,ATTTAAGTGA,,AACATTTAAT,,,,,GCAATAAAAA,,,,,,CGCATAATTA,,,,,,,,,,,,,,,,CTACCAACCT,,,,,CGCATAAACA,CGTAATTAAG,,,,,GTAGCTGATA,,,,,,,,,,,,,,,,,,,,,GCCACACGCG,,,,,ACTGCAAAAG,,,,,,GTCTATTAAA,,,,
,,,,,,,>Awh2B8,>Bap2D11,,>BH12F8,,,,,>Cad2F6,,,,,,>E52D4,,,,,,,,,,,,,,,,>5Lag12D11,,,,,>Mirr2D6,>NK72B9,,,,,>Optix2A7,,,,,,,,,,,,,,,,,,,,,>Zen2F5,,,,,>CG13424D7,,,,,,>CG34031B7,,,,
,,,,,,,CTATTAATTA,ACTTAAGTAC,,TTGGGTACAA,,,,,CTTTTTATTG,,,,,,CCGTTAATAG,,,,,,,,,,,,,,,,CCTCCCGCAC,,,,,TAAGTTACA,CCACTAATTA,,,,,TACCCACGCC,,,,,,,,,,,,,,,,,,,,,TTGCTAATTA,,,,,ACTGCAAAAG,,,,,,TCCCTAACGA,,,,
,,,,,,,>Awh2B9,,,>BH12F9,,,,,>Cad2F7,,,,,,>E52D5,,,,,,,,,,,,,,,,,,,,,>Mirr2D7,>NK72B10,,,,,>Optix2A9,,,,,,,,,,,,,,,,,,,,,>Zen2F6,,,,,>CG13424D8,,,,,,>CG34031B8,,,,
,,,,,,,ACCCTAATGA,,,GTCGGTACCC,,,,,CCCATAAATT,,,,,,AAACTAATTA,,,,,,,,,,,,,,,,,,,,,CCTGAAAACA,GCCTATTAAA,,,,,GAAGTGATAG,,,,,,,,,,,,,,,,,,,,,CAGCTAATTA,,,,,AGTGCTTCAC,,,,,,ACTGCAAAAG,,,,
,,,,,,,>Awh2B10,,,>BH12F10,,,,,>Cad2F9,,,,,,>E52D6,,,,,,,,,,,,,,,,,,,,,>Mirr2D8,>NK72B11,,,,,>Optix2A10,,,,,,,,,,,,,,,,,,,,,>Zen2F7,,,,,>CG13424D9,,,,,,>CG34031B9,,,,
,,,,,,,TAGTTAATGA,,,CTACCAGATT,,,,,GTTTTTATGA,,,,,,TCAATTAAGA,,,,,,,,,,,,,,,,,,,,,CTAGTTTACA,CCAATTAAGG,,,,,AACCGCGATA,,,,,,,,,,,,,,,,,,,,,TGTTAATGA,,,,,ACTAGCCGTG,,,,,,CTTCACTGAA,,,,
,,,,,,,>Awh2B11,,,>BH12F11,,,,,>Cad2F10,,,,,,>E52D7,,,,,,,,,,,,,,,,,,,,,>Mirr2D9,,,,,,>Optix2A11,,,,,,,,,,,,,,,,,,,,,>Zen2F8,,,,,>CG13424D10,,,,,,>CG34031B10,,,,
,,,,,,,CCTCTAATTG,,,TTCTAATTGA,,,,,CCCATATAAT,,,,,,ACATTAATGA,,,,,,,,,,,,,,,,,,,,,TTAGAAAACA,,,,,,GTGATTGATA,,,,,,,,,,,,,,,,,,,,,CACCCGTGTG,,,,,CGAAATCCA,,,,,,ATCAGTCCTT,,,,
,,,,,,,,,,,,,,,>Cad2F11,,,,,,>E52D8,,,,,,,,,,,,,,,,,,,,,>Mirr2D10,,,,,,>Optix2A12,,,,,,,,,,,,,,,,,,,,,>Zen2F9,,,,,>CG13424D11,,,,,,>CG34031B11,,,,
,,,,,,,,,,,,,,,GCAATAAAAA,,,,,,ACAATAATTA,,,,,,,,,,,,,,,,,,,,,CTCAATAACA,,,,,,TCCCTTGATA,,,,,,,,,,,,,,,,,,,,,CGAATCAGCG,,,,,AGGGTTAAGA,,,,,,GCGCTAATGA,,,,
,,,,,,,,,,,,,,,,,,,,,>E52D9,,,,,,,,,,,,,,,,,,,,,>Mirr2D11,,,,,,>Optix2B1,,,,,,,,,,,,,,,,,,,,,>Zen2F10,,,,,,,,,,,,,,,
,,,,,,,,,,,,,,,,,,,,,CATCTAATGA,,,,,,,,,,,,,,,,,,,,,TTGAATAACA,,,,,,ATTCGCGATA,,,,,,,,,,,,,,,,,,,,,AGTTCCTGTG,,,,,,,,,,,,,,,
,,,,,,,,,,,,,,,,,,,,,>E52D10,,,,,,,,,,,,,,,,,,,,,,,,,,,>Optix2B2,,,,,,,,,,,,,,,,,,,,,>Zen2F11,,,,,,,,,,,,,,,
,,,,,,,,,,,,,,,,,,,,,ACGGTAATTA,,,,,,,,,,,,,,,,,,,,,,,,,,,TTTCTGCGTG,,,,,,,,,,,,,,,,,,,,,GTGTTAATTA,,,,,,,,,,,,,,,
,,,,,,,,,,,,,,,,,,,,,>E52D11,,,,,,,,,,,,,,,,,,,,,,,,,,,>Optix2B3,,,,,,,,,,,,,,,,,,,,,,,,,,,,,,,,,,,,
,,,,,,,,,,,,,,,,,,,,,AGTAATTAGC,,,,,,,,,,,,,,,,,,,,,,,,,,,CATTGCGATA,,,,,,,,,,,,,,,,,,,,,,,,,,,,,,,,,,,,
,,,,,,,,,,,,,,,,,,,,,,,,,,,,,,,,,,,,,,,,,,,,,,,,>Optix2B4,,,,,,,,,,,,,,,,,,,,,,,,,,,,,,,,,,,,
,,,,,,,,,,,,,,,,,,,,,,,,,,,,,,,,,,,,,,,,,,,,,,,,GTGATTGATA,,,,,,,,,,,,,,,,,,,,,,,,,,,,,,,,,,,,
,,,,,,,,,,,,,,,,,,,,,,,,,,,,,,,,,,,,,,,,,,,,,,,,>Optix2B5,,,,,,,,,,,,,,,,,,,,,,,,,,,,,,,,,,,,
,,,,,,,,,,,,,,,,,,,,,,,,,,,,,,,,,,,,,,,,,,,,,,,,CCAAGTGATA,,,,,,,,,,,,,,,,,,,,,,,,,,,,,,,,,,,,
,,,,,,,,,,,,,,,,,,,,,,,,,,,,,,,,,,,,,,,,,,,,,,,,>Optix2B6,,,,,,,,,,,,,,,,,,,,,,,,,,,,,,,,,,,,
,,,,,,,,,,,,,,,,,,,,,,,,,,,,,,,,,,,,,,,,,,,,,,,,ATAAGTGATA,,,,,,,,,,,,,,,,,,,,,,,,,,,,,,,,,,,,
,,,,,,,,,,,,,,,,,,,,,,,,,,,,,,,,,,,,,,,,,,,,,,,,>Optix2B7,,,,,,,,,,,,,,,,,,,,,,,,,,,,,,,,,,,,
,,,,,,,,,,,,,,,,,,,,,,,,,,,,,,,,,,,,,,,,,,,,,,,,CGTTATGATA,,,,,,,,,,,,,,,,,,,,,,,,,,,,,,,,,,,,
,,,,,,,,,,,,,,,,,,,,,,,,,,,,,,,,,,,,,,,,,,,,,,,,>Optix2B8,,,,,,,,,,,,,,,,,,,,,,,,,,,,,,,,,,,,
,,,,,,,,,,,,,,,,,,,,,,,,,,,,,,,,,,,,,,,,,,,,,,,,CTTTCTGATA,,,,,,,,,,,,,,,,,,,,,,,,,,,,,,,,,,,,
,,,,,,,,,,,,,,,,,,,,,,,,,,,,,,,,,,,,,,,,,,,,,,,,>Optix2B9,,,,,,,,,,,,,,,,,,,,,,,,,,,,,,,,,,,,
,,,,,,,,,,,,,,,,,,,,,,,,,,,,,,,,,,,,,,,,,,,,,,,,ATTCAAACA,,,,,,,,,,,,,,,,,,,,,,,,,,,,,,,,,,,,
